"NAME","edu.02.Total.18to24","edu.02.Total.18.to24.Male","edu.02.Total.18to24.Female","edu.03.Total.18to24.LessHS","edu.03.Total.18to24.LessHS.Male","edu.03.Total.18to24.LessHS.Female","edu.04.Total.18to24.HS","edu.04.Total.1824.HS.Male","edu.04.Total.18to24.HS.Female","edu.05.Total.18to24.AA","edu.05.Total.18to24.AA.Male","edu.05.Total.18to24.AA.Female","edu.06.Total.18to24.BA","edu.06.Total.18to24.BA.Male","edu.06.Total.18to24.BA.Female","edu.20.Total.25to34","edu.20.Total.25to34.Male","edu.20.Total.25to34.Female","edu.21.Total.25to34.HS","edu.21.Total.25to34.HS.Male","edu.21.Total.25to34.HS.Female","edu.22.Total.25to34.BA","edu.22.Total.25to34.BA.Male","edu.22.Total.25to34.BA.Female","edu.24.Total.35to44","edu.24.Total.35to44.Male","edu.24.Total.35to44.Female","edu.25.Total.35to44.HS","edu.25.Total.35to44.HS.Male","edu.25.Total.35to44.HS.Female","edu.26.Total.35to44.BA","edu.26.Total.35to44.BA.Male","edu.26.Total.35to44.BA.Female","edu.28.Total.45to64","edu.28.Total.45to64.Male","edu.28.Total.45to64.Female","edu.29.Total.45to64.HS","edu.29.Total.45to64.HS.Male","edu.29.Total.45to64.HS.Female","edu.30.Total.45to64.BA","edu.30.Total.45to64.BA.Male","edu.30.Total.45to64.BA.Female","edu.32.Total.65plus","edu.32.Total.65plus.Male","edu.32.Total.65plus.Female","edu.33.Total.65plus.HS","edu.33.Total.65plus.HS.Male","edu.33.Total.65plus.HS.Female","edu.34.Total.65plus.BA","edu.34.Total.65plus.BA.Male","edu.34.Total.65plus.BA.Female","POPESTIMATE2015","POPESTIMATE2016","perCapitaFFL"
"Alabama",9648.35311992995,4855.74927248848,4792.60384744148,1462.58401792382,840.689140120007,621.894877803816,3082.32082614406,1727.71239473616,1354.6084314079,4381.73624166259,2017.33666400556,2364.39957765703,721.71203419948,270.011073626742,451.700960572738,12865.4322577322,6279.76616620741,6585.66609152481,11180.5310190312,5316.70057428343,5863.83044474775,3319.61577090469,1399.66521593572,1919.95055496897,12612.4591177152,6121.17122917257,6491.28788854266,10890.2680847776,5104.56078906029,5785.70729571734,3411.58352862404,1422.47173649919,1989.11179212485,26447.7350570421,12778.2235842497,13669.5114727924,22716.3245860266,10780.8091473307,11935.5154386959,6283.68056449744,2932.70840308001,3350.97216141742,15695.6452319023,6784.37330998429,8911.27192191806,12597.337179058,5552.63578069069,7044.70139836728,3320.02781282996,1789.66289819989,1530.36491463006,4853875,4863300,25.2931822699265
"Alaska",11185.7114390634,6542.28157715305,4643.42986191032,1684.53956776995,1059.36080487021,625.178762899734,4258.58976913661,2505.59502459642,1752.99474454019,4592.86791946418,2692.79621097208,1900.0717084921,649.714182692633,284.529536714341,365.184645978292,16100.9286859724,8666.4253791129,7434.50330685948,14955.3550248133,8052.22655545751,6903.1284693558,4563.85919109025,2171.31687426885,2392.5423168214,12424.4112515911,6476.53749649252,5947.87375509856,11681.7064723353,6096.71293152178,5584.99354081352,3635.85099273562,1627.60654946598,2008.24444326964,25495.2833705431,13227.0312548715,12268.2521156716,23862.1190740522,12369.3760005639,11492.7430734883,7799.14573361583,3854.22978437297,3944.91594924286,9625.47562792375,4750.92482266043,4874.55080526332,8454.55321813886,4229.58104076269,4224.97217737617,2899.65284414315,1543.29146045392,1356.36138368923,737709,741894,81.8176181503018
"Arizona",9821.43917953111,5072.66157345034,4748.77760608076,1674.89418876094,983.400965007301,691.493223753642,2982.17912113783,1661.25295468397,1320.92616645386,4441.13110766087,2128.7952516771,2312.33585598377,723.234761971466,299.212402081975,424.022359889491,13417.708522031,6914.93223753642,6502.77628449454,11667.9782297639,5900.90450182727,5767.07372793659,3535.67586080954,1594.92428748387,1940.75157332567,12398.4736485827,6242.77142938865,6155.7022191941,10404.5359303505,5149.28717217951,5255.24875817099,3560.91947784876,1698.15762665996,1862.7618511888,24303.6186673688,11788.0650936221,12515.5535737466,21028.431705455,10107.7877511986,10920.6439542564,6773.65012288112,3292.48052640496,3481.16959647616,16428.2115388705,7555.07281558738,8873.13872328317,14191.9585658516,6649.16286093349,7542.79570491811,4574.00846196553,2530.25823736187,2043.75022460365,6817565,6931071,26.1611805736805
"Arkansas",9551.88184238779,4860.07872114574,4691.80312124205,1219.30128854581,680.691760137253,538.609528408555,3027.44964241015,1731.98609870937,1295.46354370078,4617.58857807958,2170.42278446921,2447.16579361036,687.542333352251,276.9780778299,410.564255522351,12941.9081465741,6393.16312793143,6548.74501864263,11471.8557296146,5577.94491534673,5893.91081426786,3124.16361721012,1325.18294220702,1798.9806750031,12341.0725781293,6125.92361006403,6215.14896806525,10843.5842870686,5316.38062725057,5527.203659818,3095.65314338888,1355.10382816076,1740.54931522812,25414.7870966095,12405.3470738818,13009.4400227278,21854.3024118383,10432.8185440987,11421.4838677396,5339.88749612556,2357.94043560915,2981.94706051642,16055.6615789967,7130.13704840366,8925.52453059301,12842.7427411628,5749.47789565167,7093.26484551118,2993.76765743641,1622.24260230441,1371.525055132,2977853,2988248,42.5304950146931
"California",10112.1789693475,5225.69147924011,4886.48749010744,1258.60325989115,760.536124331114,498.067135560038,2991.4930371232,1688.84447173074,1302.64856539247,4883.70500647024,2362.07728688099,2521.62771958925,978.377665862952,414.233596297271,564.144069565681,14957.996037333,7680.27801242962,7277.71802490336,13023.0210130087,6557.64972711144,6465.37128589724,5090.94490066918,2359.38199627942,2731.56290438976,13310.7093050869,6672.03416736036,6638.67513772653,10824.3998939322,5348.89267409244,5475.5072198398,4619.11004633028,2165.42365300865,2453.68639332163,25318.3520311105,12448.2650381059,12870.0869930046,20567.0752942637,10054.4546152556,10512.6206790081,7863.87833596708,3907.18660386717,3956.69173209991,13308.6269302358,5894.64414214106,7413.98278809477,10572.901840645,4796.26834323487,5776.63349741011,4008.1125426156,2141.54045474758,1866.57208786801,38993940,39250017,6.49235387592316
"Colorado",9689.23724572242,5101.3256267092,4587.91161901322,1296.02396409204,736.361402351592,559.662561740443,2894.75572596557,1681.83233834708,1212.92338761849,4420.16884759798,2264.80270311787,2155.36614448012,1078.28870806683,418.32918289266,659.959525174171,15180.1151772522,7867.1176267738,7312.99755047837,13981.9105754843,7157.56937420751,6824.34120127683,5963.25552381167,2732.79402380589,3230.46150000578,13544.0175201268,6961.58195014369,6582.43556998315,12178.730840573,6173.28268749613,6005.44815307684,5856.00292467047,2751.77061304477,3104.23231162569,25604.7227848824,12675.1136347161,12929.6091501663,23597.0400191308,11631.4562843802,11965.5837347506,9887.24345587548,4854.42808799485,5032.81536788064,13059.1968644949,5939.26867455131,7119.92818994355,11686.8260810278,5393.90278884287,6292.92329218497,4735.48488213685,2600.96729217836,2134.51758995848,5448819,5540545,31.1371294099528
"Connecticut",9842.94493588081,5073.12963598374,4769.81529989706,1059.52191657391,694.975632753373,364.546283820539,2721.68336248476,1557.49526463639,1164.18809784837,4611.0864695528,2191.82476783468,2419.26170171812,1450.65318726933,628.833970759304,821.81921651003,12351.7252345365,6229.06048712176,6122.66474741473,11390.0907460255,5666.31238614903,5723.77835987648,5403.58688102033,2435.05089644129,2968.53598457903,12065.1764568043,5887.80744993347,6177.36900687081,11088.4780722676,5313.67773863025,5774.8003336374,5043.64345431874,2244.74367665068,2798.89977766805,28848.8951748109,13972.6283429993,14876.2668318116,26502.8607454397,12709.436972938,13793.4237725017,11062.3394230528,5244.38381691229,5817.95560614049,15769.1932167834,6800.76323739863,8968.42997938478,13295.2272556092,5773.87976221361,7521.3474933956,4937.16402630045,2610.43370072502,2326.73032557543,3584730,3576452,15.08245229257
"Delaware",9437.58765184159,4766.35355628149,4671.2340955601,1331.88429745063,787.542528355768,544.341769094861,2895.95329189599,1518.09811921922,1377.85517267678,4173.28689639393,1972.51068769887,2200.77620869506,1036.46316610103,488.202221007631,548.260945093404,13171.3972180206,6469.39441316165,6702.00280485893,11589.8508170952,5616.07328223575,5973.77753485948,4329.73616530872,1923.67987323054,2406.05629207818,11728.6108321788,5709.81573517386,6018.7950970049,10436.3419894161,5018.3459806202,5417.9960087959,4140.76832797359,1682.91535850927,2457.85296946432,27194.5267118325,12924.912824815,14269.6138870176,24725.9754511289,11436.155563747,13289.8198873819,8454.0863235587,3924.89587702685,4529.19044653185,17035.0692105297,7622.58546981387,9412.48374071579,14713.328164258,6543.43506243141,8169.89310182655,4464.47108071808,2469.39865010868,1995.0724306094,944076,952065,12.542911110761
"Florida",8762.70454890547,4505.96628861945,4256.73826028602,1437.00783317726,849.981382978461,587.026450198801,2602.66356280891,1474.20236015821,1128.4612026507,3953.68930685505,1877.05415789862,2076.63514895642,769.343846064251,304.728387584161,464.61545848009,12809.404870774,6438.17503991373,6371.22983086023,11489.3548078298,5635.4450307865,5853.90977704326,3724.05138396735,1607.08017826107,2116.97120570628,12168.3500359646,6026.19502359951,6142.15501236508,10786.7635298426,5218.43165152492,5568.33187831769,3734.41942010719,1639.78962815056,2094.62979195664,26635.4453271572,12825.9374181585,13809.5079089988,23596.0794893967,11175.7402377703,12420.3392516264,7536.81146780866,3628.25942357671,3908.55204423195,19487.5265955686,8749.6099020228,10737.9166935458,16430.0129899292,7500.56532717304,8929.44766275619,5218.87126811208,2944.61611444731,2274.25515366477,20244914,20612439,15.5072219578996
"Georgia",10085.6834883784,5127.98892640526,4957.69456197317,1654.66628520624,969.998425397264,684.667859808981,3213.47397169911,1765.52576926599,1447.94820243312,4406.97578425707,2062.54329912412,2344.43248513295,810.567447216002,329.921432617886,480.646014598116,13562.2514191524,6708.70967090411,6853.54174824828,11858.1312348043,5690.85547990185,6167.2757549024,4172.19722183603,1753.4172114864,2418.78001034963,13610.5385827673,6568.9171066763,7041.62147609104,11824.0998145185,5582.16279039214,6241.93702412633,4533.21852917202,1977.87163516906,2555.34689400296,25585.3041522647,12302.9908235761,13282.3133286886,22489.474378782,10620.4503442262,11869.0240345558,7713.85722961296,3669.52049522923,4044.33673438374,12772.9009104263,5526.38498860423,7246.51592182205,10282.9108149324,4520.52170137885,5762.38911355357,3190.83538067639,1712.30694203717,1478.52843863922,10199398,10310371,19.256500727924
"Hawaii",9436.36385324564,5288.18930124891,4148.17455199673,597.758703076222,278.074626163995,319.684076912228,3621.42556925307,2348.09217510772,1273.33339414535,4452.28139776881,2386.6844144189,2065.5969833499,764.898183147541,275.338085558293,489.560097589248,15184.0113054211,8213.20037020483,6970.81093521626,14473.5632635562,7785.59835863698,6687.96490491925,4773.01799029861,2237.08686130721,2535.9311289914,12474.2045964059,6403.7856881733,6070.41890823257,11515.0120302535,5807.64084237737,5707.37118787614,4310.40229251935,1961.60844033324,2348.79385218611,24880.6271870397,12325.1683849569,12555.4588020829,22969.8201671816,11343.9431585432,11625.8770086383,7825.80445522844,3760.28746306547,4065.51699216297,16640.4824170249,7493.7006940288,9146.78172299613,13906.1871779741,6435.29098899279,7470.89618898128,4786.20951937225,2468.78063258995,2317.4288867823,1425157,1428557,7.30340709774502
"Idaho",9484.77397527147,4825.12396934224,4659.65000592923,1320.28257023719,749.200763781833,571.08180645536,3266.28058091949,1852.46135714061,1413.81922377888,4402.4544598712,1987.62363657924,2414.83082329196,495.756364243587,235.838211840554,259.918152403033,13117.5173702285,6641.70742509202,6475.80994513646,11848.9038181831,5940.60604007193,5908.29777811121,3293.6881514592,1585.10141406123,1708.58673739796,12373.035790778,6234.58702296912,6138.44876780887,11114.4656310275,5484.66023082862,5629.80540019893,3673.46148540562,1793.29004590919,1880.17143949643,24285.8301045239,12027.2042825993,12258.6258219246,22116.6388759145,10865.8614205471,11250.7774553674,6185.70111348549,3131.84432983952,3053.85678364597,14718.0468869114,6909.18837289785,7808.85851401356,12968.8630637913,6133.60857875109,6835.25448504019,3600.9796542653,2091.56669659517,1509.41295767013,1652828,1683140,56.7490919749199
"Illinois",9641.46326436845,4896.11884745028,4745.34441691817,1201.1093969825,693.369219693642,507.74017728886,2782.51960601126,1521.71730503051,1260.80230098075,4449.224307692,2150.3620946321,2298.86221305989,1208.6099536827,530.670228094032,677.939725588667,13811.0873805509,6926.62002094081,6884.4673596101,12625.9682669594,6210.67903248582,6415.28923447355,5523.3538750968,2505.57537487011,3017.77850022669,13027.4856069925,6502.77236308894,6524.71324390354,11589.9723710023,5734.17949167099,5855.79287933131,4869.22432794272,2273.97718849382,2595.2471394489,26387.4413731798,12910.5220971619,13476.9192760179,23626.5277321596,11438.24771418,12188.2800179795,8369.60095246945,3983.93276385701,4385.66818861244,14239.5693387523,6162.91068955507,8076.65864919725,11899.7850852949,5184.27886431135,6715.50622098354,3463.30222173032,1809.70596960974,1653.59625212058,12839047,12801539,15.8620251309888
"Indiana",10228.2886682249,5208.30308881243,5019.98557941243,1631.87336982032,939.42506375545,692.448306064873,3196.95171522727,1775.97338966073,1420.97832556654,4440.34933631423,2077.08783976695,2363.26149654729,959.114246863038,415.816795629304,543.297451233734,12733.2759897217,6357.20170433924,6376.07428538246,11280.7223843329,5557.61218297693,5723.11020135592,3741.57992538072,1654.60212727862,2086.9777981021,12439.5412027157,6224.2921572328,6215.24904548292,11178.6017595052,5546.31585441981,5632.28590508543,3556.36247937324,1528.05905182217,2028.30342755106,26216.3892639209,12863.5088967283,13352.8803671927,23569.1922051401,11430.5537408843,12138.6384642558,6410.26571626284,3154.89670891221,3255.36900735063,14597.8809478875,6375.33329462035,8222.54765326713,12183.6725558798,5378.38315210816,6805.28940377161,2746.62592124811,1462.60990858896,1284.01601265915,6612768,6633053,22.1127435586599
"Iowa",10270.4134565152,5301.86287815139,4968.55057836378,1118.29063256627,675.625248839124,442.665383727146,2679.27867963999,1518.51523239772,1160.76344724226,5453.36846896394,2691.41834537317,2761.95012359077,1019.47567534498,416.304051541369,603.17162380361,12580.1530238498,6367.17460010372,6212.97842374608,11721.7281118464,5891.70969735077,5830.01841449559,4216.62801085331,1836.77306544497,2379.85494540834,11789.2169659356,5964.09926082568,5825.1177051099,10887.4544081881,5463.81050334129,5423.6439048468,3959.19662959317,1794.26821998868,2164.92840960449,26026.3222546338,12978.6479615451,13047.6742930887,24167.7362278055,11908.5636533283,12259.1725744772,6484.27913287553,3035.33283343962,3448.94629943591,16052.2896082219,7093.0241124511,8959.26549577082,14172.4992048359,6207.8855296786,7964.61367515728,3167.94026387597,1723.64034943019,1444.29991444579,3121997,3134693,41.051335276958
"Kansas",10421.6400542054,5507.82135609162,4913.81869811379,1300.12477977763,778.574895905042,521.549883872584,3090.35507707826,1766.52661194521,1323.82846513305,5101.17758119888,2560.82369102504,2540.35389017384,929.982616150638,401.896157216327,528.086458934311,13227.9293403116,6769.62116419154,6458.3081761201,11905.3393841377,6004.36023959644,5900.97914454122,4709.94636224116,2150.49879228175,2559.44756995941,11945.7629404404,6033.39639408117,5912.36654635928,10773.4798076596,5371.17253427488,5402.30727338468,4199.37104386696,1952.85340423109,2246.51763963586,25138.2227602856,12447.0494416217,12691.1733186639,23044.5233649876,11288.6651316036,11755.8582333839,7928.03987723624,3822.55469307168,4105.48518416456,14657.4783063115,6463.57183919613,8193.90646711535,12924.3570332344,5731.7850595224,7192.57197371196,3772.22306509638,1993.93061804005,1778.29244705632,2906721,2907289,38.5009310506569
"Kentucky",9621.61419388055,4937.69960794294,4683.91458593761,1364.48153295284,831.101310375082,533.380222577759,3351.00645005855,1909.11698226127,1441.88946779728,4184.68425811896,1866.01714817416,2318.66710994481,721.441952750196,331.464167132433,389.977785617764,12690.4263448244,6323.086933518,6367.33941130644,11485.5746640778,5621.91794939713,5863.65671468068,3486.00136825588,1474.02788629328,2011.9734819626,12734.9500328955,6390.48268876066,6344.46734413489,11304.1123841169,5590.07334204069,5714.03904207624,3469.16372987365,1485.41871816528,1983.74501170837,26887.9682304275,13143.4605211622,13744.5077092653,23109.7603834552,11026.0992435267,12083.6611399285,5944.83899262557,2730.02530617946,3214.81368644611,15235.8704527923,6684.40683260065,8551.4636201917,11615.8008014716,5070.66044902026,6545.14035245132,2834.12485300968,1490.84292381861,1343.28192919106,4424611,4436974,31.8366376123307
"Louisiana",9836.96583393304,5038.50964668791,4798.45618724512,1640.42956033035,955.758884205476,684.670676124876,3221.98091223741,1825.73849422569,1396.24241801172,4244.13573900826,1933.74970014736,2310.3860388609,730.419622357013,323.262568109386,407.157054247627,14362.9416401083,7018.65083444707,7344.29080566122,12495.5022103423,5902.62071210719,6592.88149823515,3800.9963674994,1656.51451286796,2144.48185463144,12381.172680854,6188.57304410404,6192.59963674994,10688.6330146328,5210.81782666804,5477.81518796477,3126.99187827696,1283.41215174257,1843.57972653439,25551.1934135225,12321.9946197868,13229.1987937356,21871.6802028717,10173.0363935437,11698.643809328,5641.89883828519,2500.66395942565,3141.23487885953,13999.0062026661,6088.22949864638,7910.77670401974,11027.0167232103,4784.74863781227,6242.26808539803,2809.51218258456,1404.61687399335,1404.89530859121,4668960,4681666,26.0359595636824
"Maine",8441.74258134737,4366.45748288958,4075.28509845779,1009.7385917366,539.018679110882,470.719912625719,2621.30364894434,1373.19634466205,1248.10730428229,4001.72100856518,2046.93208409775,1954.78892446743,808.979332101248,407.310375018899,401.668957082349,11430.5658041315,5591.7734587082,5838.79234542327,10637.7585367817,5176.64031748396,5461.11821929771,3726.87112669647,1591.63204716526,2135.23907953121,11483.8207894525,5662.55444908545,5821.26634036705,10943.7490456601,5332.9452037793,5610.80384188083,3875.57890350392,1550.33686786972,2325.2420356342,30541.5836437994,14890.5602529762,15651.0233908231,28307.5821409256,13467.7946493784,14839.7874915473,8449.56534755271,3764.02926617188,4685.53608138084,18847.4507936723,8519.66936777757,10327.7814258947,16426.9816232691,7400.1111735428,9026.87044972632,5727.84445933779,3038.46770062575,2689.37675871204,1329453,1331479,38.866553659502
"Maryland",9277.47418132795,4725.91832203694,4551.55585929101,1017.95117684237,602.887447720869,415.0637291215,2661.77568810454,1500.00425355668,1161.77143454785,4304.7328074158,2063.67557672807,2241.05723068773,1293.01450896525,559.351044031318,733.663464933929,13913.8509650486,6876.96695720405,7036.88400784456,12601.2200535014,6083.33668335673,6517.88337014467,5625.75406802655,2476.38733921347,3149.36672881308,12839.5526726264,6247.90762542613,6591.6450472003,11648.3899954345,5565.70385604096,6082.68613939356,5660.53314913487,2537.52179113769,3123.01135799718,27550.353353796,13148.3608877623,14401.9924660337,25130.68010368,11861.3847612245,13269.2953424555,10657.1444823113,4987.75392690855,5669.39055540274,14128.2302218372,6094.49601441739,8033.73420741977,11951.3266342874,5222.86718744657,6728.4594468408,4605.6677725358,2425.84507745894,2179.82269507687,5994983,6016447,9.81060748976929
"Massachusetts",10326.6393877575,5162.87749254154,5163.76189521597,1052.73398346757,650.271806421943,402.462177045623,2838.53460372864,1588.74096435268,1249.79363937597,4648.31727651144,2130.43760244331,2517.87967406813,1787.05352404986,793.427119323609,993.626404726248,13881.8202186243,6886.22454394302,6995.59567468132,12987.8512552622,6337.32002405575,6650.53123120644,7063.38513967666,3213.88983880287,3849.49530087379,12361.0455998019,6063.22889520418,6297.81670459771,11357.8971262809,5542.35994009646,5815.53718618445,5711.78201242881,2621.28108675401,3090.5009256748,27741.3387498084,13420.5452637289,14320.7934860795,25266.9569472778,12104.1413629235,13162.8155843543,11051.0683584307,5251.21457967289,5799.85377875783,15391.9377852199,6611.20479228329,8780.73299293657,12992.6122896596,5616.07490301051,7376.53738664906,4941.74734384397,2555.03932643892,2386.70801740504,6784240,6811779,7.19342186527191
"Michigan",9945.88975383947,5069.01035167879,4876.87940216068,1292.82803549003,776.993490940201,515.834544549828,2872.7988251326,1611.2380724794,1261.56075265321,4814.82881893662,2259.8955505376,2554.93326839902,965.434074280215,420.883237721592,544.550836558623,12316.929857331,6199.28078191398,6117.64907541707,11233.2124889655,5588.16219260182,5645.05029636363,3890.52316990355,1741.70159154604,2148.82157835751,11851.5908150214,5880.63883666752,5970.95197835388,10814.1744343329,5306.97847235981,5507.1959619731,3814.1043577074,1748.01352932606,2066.09082838134,27836.4623302848,13631.4463563432,14205.0159739416,25505.5826871411,12337.6604389217,13167.9222482195,7445.47509179282,3577.87050747072,3867.60458432209,15836.7224708514,7011.87723180188,8824.84523904952,13604.7365749066,6040.73619780363,7564.00037710299,3709.81622278922,1998.19212389144,1711.62409889778,9917715,9928300,21.949880644219
"Minnesota",9225.11621204811,4682.37197522634,4542.74423682178,1213.62131972381,688.380254394261,525.241065329548,2535.29681610452,1457.94706184387,1077.34975426065,4289.31669960519,2052.15383310518,2237.16286650001,1186.88137661459,483.890825883025,702.990550731564,13601.8210886221,6881.66845571356,6720.15263290855,12701.8377782865,6365.20086421453,6336.63691407194,5537.64887317406,2528.93103155806,3008.717841616,12329.1384211578,6236.11588646286,6093.02253469489,11467.5869390152,5766.47055551046,5701.11638350477,4932.29741893885,2227.84219055949,2704.45522837936,26891.8646550301,13399.1921472849,13492.6725077452,25368.1074194222,12543.8058089152,12824.301610507,9011.52498844036,4334.53383396246,4676.99115447789,14682.4905356835,6587.43788116047,8095.05265452304,13092.1023231466,5853.01968924392,7239.08263390264,3938.90670842427,2073.05695370761,1865.84975471665,5482435,5519952,26.2547572877445
"Mississippi",10436.5439102961,5240.29986050666,5196.24404978942,1644.41575037048,995.688083522056,648.727666848421,3014.36078932491,1630.26570638157,1384.09508294334,5133.65603016,2340.87890840606,2792.77712175394,644.111340440692,273.46716219697,370.644178243722,12508.2709181472,6186.88093557549,6321.3899825717,10939.3555206915,5240.03224738157,5699.32327330994,2890.89078373849,1173.98532811042,1716.90545562807,12895.1725937399,6256.46034809777,6638.71224564209,11133.6091978631,5143.59116742881,5990.0180304343,2867.47463529349,1182.71620631634,1684.75842897715,25154.5633055573,12061.6915156604,13092.8717898969,21125.3131909854,9783.83549821201,11341.4776927734,4947.96597299115,2080.99311230719,2866.97286068395,14750.8689063655,6355.34339781695,8395.52550854857,11312.1071522953,4881.89898273561,6430.20816955968,2895.07223881795,1451.13217077732,1443.94006804064,2989390,2988726,31.4069160795157
"Missouri",9774.09580060182,4984.08216708985,4790.01363351198,1351.07379541569,777.969271604442,573.104523811248,2940.52010103677,1660.64207192517,1279.8780291116,4550.47263060951,2170.0884302107,2380.3842003988,932.029273539861,375.382393349532,556.646880190329,13103.723969768,6543.7730530443,6559.95091672367,11949.0063203935,5874.34194111982,6074.66437927364,4278.93796850797,1857.49194727498,2421.44602123299,12075.6972609873,6008.30716019409,6067.39010079319,10959.4904976857,5358.13149130609,5601.35900637964,4015.73087407862,1765.59246529577,2250.13840878285,26600.6704185705,12997.8519483546,13602.8184702159,23876.1898053456,11471.6194518815,12404.5703534641,7090.21619418966,3216.59707277767,3873.61912141199,15650.3632860253,6847.2190861268,8803.14419989849,13180.1861820308,5819.40632671319,7360.77985531756,3390.98226458493,1838.79606412161,1552.18620046332,6076204,6093000,36.5050057442967
"Montana",9727.31580033583,5179.28479865281,4548.03100168302,1571.59425738296,881.526791225039,690.067466157917,3454.213025629,1912.94608036447,1541.26694526453,4119.96050666959,2202.65426961077,1917.30623705881,581.548010654285,182.157657452525,399.39035320176,12465.8817738668,6357.59292220608,6108.28885166069,11699.7537964853,5929.90999667659,5769.84379980873,4103.77948071503,1710.82859448896,2392.95088622607,11494.6326471093,5886.50221447514,5608.13043263413,10944.7684417672,5587.49235761424,5357.27608415296,4193.21113913454,1822.25482112215,2370.95631801239,27140.3282519744,13426.8603092998,13713.4679426746,25586.1746213688,12536.0318504602,13050.1427709086,7624.07310335606,3668.53895024867,3955.53415310739,17337.0488327861,8253.97040713205,9083.078425654,15791.5186231982,7523.88639175717,8267.63223144099,5024.54768218915,2870.63027518402,2153.91740700512,1032073,1042520,103.810958063155
"Nebraska",10190.1239066093,5206.50661512912,4983.6172914802,1192.54500954448,715.822712955409,476.72229658907,2667.70164196719,1514.7602791265,1152.94136284069,5055.53751389428,2463.29402011337,2592.24349378091,1274.33974120337,512.629602933838,761.710138269532,13341.2540626741,6813.30576919523,6527.94829347886,12277.1832830367,6159.89840344499,6117.28487959171,4631.09203095421,2100.8414454803,2530.25058547391,12274.2790156118,6282.03604987947,5992.24296573228,11010.7114663118,5610.1997871964,5400.51167911541,4432.49294395028,1976.32758024359,2456.16536370669,24754.6026038078,12262.9787750856,12491.6238287221,22924.7557115059,11254.9339543185,11669.8217571874,7245.30234744015,3444.56677570871,3800.73557173144,14716.2398713674,6510.04744516875,8206.1924261986,13032.1343989355,5776.42949362777,7255.70490530768,3349.7292430687,1816.17043297347,1533.55881009523,1893765,1907116,35.9530656062173
"Nevada",8812.21655908714,4498.43572172145,4313.78083736569,1641.29583689061,986.906668312667,654.389168577946,3079.17654671439,1693.58871306122,1385.58783365317,3649.23131552648,1677.98407494665,1971.24724057983,442.512859955655,139.956265400911,302.556594554744,14283.7921906068,7249.94954500343,7033.84264560341,12464.4994482893,6261.37838195854,6203.12106633081,3071.54761252505,1356.21643702419,1715.33117550086,13458.896342897,6799.28759625461,6659.6087466424,11304.6587126936,5701.72670522284,5602.93200747081,3351.00934267022,1552.45343055832,1798.5559121119,25869.819866993,12934.3377634323,12935.4821035607,22076.5057262086,10893.6325447558,11182.8731814528,6011.39207936311,2991.7558962992,3019.6361830639,14637.566675151,6916.80785974413,7720.75881540684,12578.309275605,6057.78987002377,6520.51940558119,3645.10475566951,2067.99599689017,1577.10875877934,2883758,2940058,21.1220322864379
"New Hampshire",9778.3568439025,4991.16239171017,4787.19445219234,1084.64631899142,593.258758103647,491.387560887776,3109.74046526944,1831.50128072018,1278.23918454926,4389.33292033522,2043.51366164177,2345.81925869345,1194.63713930642,522.888691244565,671.748448061853,11676.8450151905,5975.74187417441,5701.10314101605,11066.4448305442,5649.07740782536,5417.36742271886,4757.27213743815,2104.48601658057,2652.78612085758,11759.4696983936,5820.04058307916,5939.42911531444,11056.8967552332,5327.8260235424,5729.07073169081,4660.66365889764,2142.52795443388,2518.13570446376,30608.5732694489,15052.5031369562,15556.0701324927,28775.042082954,13972.8188098587,14802.2232730953,10601.5964081193,5138.81924140166,5462.77716671766,16416.4494542185,7473.66197257221,8942.78748164627,14703.1337986078,6669.29301389132,8033.84078471646,5114.68591719037,2839.61263383282,2275.07328335755,1330111,1334795,37.215452560131
"New Jersey",8872.15051199043,4571.31230861982,4300.83820337061,1031.78126693751,605.444332169687,426.336934767819,2413.74189307924,1342.5444643291,1071.19742875014,4075.25286161671,2018.94236432732,2056.31049728938,1351.37449035697,604.381147793708,746.993342563266,12892.2856572735,6516.35776310931,6375.92789416414,11864.3766197474,5899.35269977766,5965.02391996975,5629.23671979194,2534.28461848636,3094.95210130558,13081.6108160992,6452.41002074776,6629.20079535144,11838.7370891646,5738.82305041923,6099.91403874535,5666.28030173396,2563.6285072634,3102.65179447057,28007.1414654105,13565.1023046368,14442.0391607737,25397.2924163282,12198.5522562395,13198.7401600887,10423.2693680578,5090.38130380203,5332.88806425573,15029.5212726966,6412.87075337581,8616.6505193208,12358.6454404331,5346.85494953176,7011.79049090132,4223.72935757588,2275.78532673502,1947.94403084085,8935421,8944469,3.68663584165812
"New Mexico",10005.3933802746,5131.25814775362,4874.13523252103,1809.42620586754,1074.83050749689,734.595698370642,2988.61525682489,1705.45221715037,1283.16303967451,4741.60805411454,2172.39781419084,2569.2102399237,465.743863467684,178.577608915517,287.166254552167,13095.3388119566,6837.62368241931,6257.71512953727,11115.1703000681,5623.44014982253,5491.73015024554,2840.56168065805,1272.25129883365,1568.3103818244,11857.3609546187,6028.03980910703,5829.32114551167,9985.68494968101,5067.18171365285,4918.50323602816,2915.59792494261,1142.46407297311,1773.1338519695,25373.6910717925,12271.1418583993,13102.5492133933,21886.6447983203,10392.4957987394,11494.1489995808,7005.09727312232,3162.14558473472,3842.9516883876,15891.4363504217,7197.95147688249,8693.48487353917,13058.4696259436,5971.31798447168,7087.15164147192,4758.19197741895,2459.80441545756,2298.38756196138,2080328,2081015,33.200946012723
"New York",9830.01474184951,4936.27369534176,4893.74104650775,1170.07068805713,675.828040890693,494.242647166434,2573.64809957957,1434.71603012946,1138.93206945011,4537.87256643137,2180.94398578268,2356.92858064869,1548.42338778144,644.785638538925,903.637749242512,14561.9757511742,7253.2674660482,7308.70828512603,13077.7843097924,6402.34103264248,6675.44327714996,6420.01950354134,2829.20353753748,3590.81596600386,12653.8149770527,6210.64786810352,6443.16710894916,11085.3026479777,5372.00166727578,5713.30098070191,5020.30593426921,2272.0455874643,2748.26034680491,26862.9404001573,12974.8177246344,13888.1226755229,23338.1237212417,11155.3885939073,12182.7351273344,8711.12603757204,4044.76932228764,4666.3567152844,15001.8714061646,6389.68606307036,8612.18534309425,11877.4156293584,5168.12955042752,6709.28607893085,4046.74935154042,2054.53608243768,1992.21326910274,19747183,19745289,8.41339926703529
"North Carolina",9886.2940856303,5209.71908243654,4676.57500319376,1407.69687776589,821.629016143796,586.067861622097,3047.78605996939,1806.6431454285,1241.1429145409,4494.43587791995,2198.83318555331,2295.60269236664,936.375269975066,382.613735310935,553.761534664131,12935.7841498902,6337.49090450341,6598.29324538678,11391.8267185083,5432.98350424197,5958.84321426628,4149.41985131118,1731.67692158372,2417.74292972746,13082.8267657421,6390.23531801005,6692.59144773201,11458.1633065894,5436.29186344927,6021.87144314017,4336.97990251501,1879.64627661112,2457.33362590389,26268.4020007203,12610.5285940888,13657.8734066314,23222.8580516594,10871.8263916583,12351.0316600011,7676.92796127546,3517.64282196663,4159.28513930883,15102.3110084855,6565.68797030767,8536.62303817787,12254.1724687515,5351.94863353803,6902.22383521342,3677.43059271647,1935.61932982607,1741.81126289039,10035186,10146788,23.6273455862749
"North Dakota",12366.8963512523,6532.86383425714,5834.03251699512,1271.61138160894,773.616442157141,497.994939451796,3249.05692786407,1944.94176405689,1304.11516380717,6231.6092675418,3099.48667807382,3132.12258946798,1614.61877423745,714.81894996928,899.799824268169,15075.9412553595,8362.72106866094,6713.22018669855,14295.8504826019,7803.68244069051,6492.16804191138,5370.52329768047,2398.80555206881,2971.71774561166,11434.4606155899,6159.20246817338,5275.25814741654,11059.0815699591,5923.21972424637,5135.86184571274,3687.06521236465,1685.17576486288,2001.88944750177,24314.4146346297,12356.1938863821,11958.2207482476,22967.2253529501,11534.0860293195,11433.1393236306,7076.70760469587,3317.2355929628,3759.47201173307,14184.9940872185,6367.57021015149,7817.423877067,11803.1010722284,5233.24106311151,6569.86000911692,2813.42696889018,1422.76718175032,1390.65978713987,756835,757952,54.4449604548397
"Ohio",9367.82911636187,4748.40781071065,4619.42130565123,1287.51263454226,721.683330331777,565.82930421048,3061.29465605178,1724.631174769,1336.66348128278,4105.97418891193,1919.22682202378,2186.74736688815,913.047636855897,382.866483586082,530.181153269815,12807.8541398645,6407.30920656367,6400.54493330082,11781.2787320047,5840.61821149168,5940.66052051298,4104.93154296951,1850.54144345283,2254.39009951668,12070.6603740255,5993.00824034971,6077.65213367583,11039.242263524,5393.23693310435,5646.00533041967,3847.96671115864,1719.8918750307,2128.07483612794,27313.3771474413,13348.565155462,13964.8119919794,24915.3690320368,12110.2033676602,12805.1656643766,7068.61385822945,3418.37073215287,3650.24312607658,15851.2687105399,6884.56530711955,8966.7034034204,13299.3626072697,5805.34920453008,7494.01340273966,3204.24916997628,1712.17112491157,1492.07804506471,11605090,11614373,21.2610128272386
"Oklahoma",10041.8844790954,5218.89925152543,4822.98522756995,1695.59713918208,955.414501765106,740.182637416972,3255.27318067653,1857.16179549953,1398.111385177,4328.66852603794,2098.1651803469,2230.50334569104,762.345633198837,308.157773913898,454.187859284939,13716.3607439601,6942.13615450014,6774.22458945993,12188.7775393137,6087.9138990647,6100.86364024902,3477.90124107658,1547.9035495087,1929.99769156788,12268.5489687041,6178.89478821543,6089.65418048868,10770.0898855355,5353.38717627566,5416.70270925988,3266.40586331523,1458.33024092149,1808.07562239374,24734.8758027688,12102.2241308446,12632.6516719242,21744.9187621276,10479.8211809652,11265.0975811624,6047.65709494822,2851.16959707878,3196.48749786944,14742.0007196576,6551.23823582554,8190.76248383202,12449.2311283115,5616.80948064372,6832.42164766774,3331.33371585402,1824.48033405214,1506.85338180188,3907414,3923561,39.0036839833339
"Oregon",9028.49799509719,4570.08016132647,4458.41783377072,1369.21767296107,851.332071438049,517.88560152302,2725.81308014592,1478.99163004636,1246.82145009956,4057.16395577834,1867.87171206127,2189.29224371707,876.303286211864,371.884747780792,504.418538431072,13748.0824343282,6945.02903866538,6803.05339566281,12515.8958553747,6244.99022768282,6270.90562769186,4718.01907949891,2121.83269335796,2596.18638614095,13103.6760112845,6629.07484258196,6474.60116870255,11640.1640496999,5818.491818138,5821.67223156193,4826.67492248985,2226.58756050861,2600.08736198124,26437.1368924479,12939.2386984754,13497.8981939724,23833.1734016062,11595.4891798857,12237.6842217205,8067.81436523172,3921.07704700601,4146.73731822571,16393.4906876004,7490.34570596978,8903.14498163063,14746.3098507839,6789.71056747024,7956.59928331371,4791.19343522914,2569.92312841366,2221.27030681548,4024634,4093465,35.3205251134023
"Pennsylvania",9496.28765193985,4831.21980902921,4665.06784291064,1176.52540231697,680.133309318144,496.392092998822,3111.97613740691,1725.48199236017,1386.49414504674,4091.65828636613,1968.6670569135,2122.99122945263,1116.12782584985,456.937450437402,659.190375412448,12888.1595734302,6494.68601390379,6393.4735595264,11868.5381003485,5909.44084633531,5959.09725401316,4877.09257355277,2182.37253813037,2694.7200354224,11740.6681601113,5839.13856764403,5901.52959246724,10751.3236497084,5276.32946588717,5474.99418382127,4186.36662689151,1881.09604324735,2305.27058364415,27861.6693808834,13650.0164479033,14211.6529329801,25441.5370847061,12344.6751945606,13096.8618901455,7888.10641480737,3782.95521917613,4105.15119563124,17051.3552947239,7365.12719294954,9686.22810177437,14310.6843203326,6220.25462354939,8090.42969678322,3694.48519938861,2017.33846658011,1677.1467328085,12791904,12784227,19.9679652121321
"Rhode Island",10831.68262431,5366.39109062369,5465.29153368631,1052.85395038116,704.713022933724,348.140927447431,3090.25991680616,1633.18356168536,1457.0763551208,5278.66905012945,2471.18482541325,2807.48422471621,1409.89970699323,557.309680591356,852.590026401871,13548.6028417773,6796.37402934994,6752.22881242735,12337.6408076112,6110.60745144737,6227.0333561638,4914.61310885585,2287.02537971044,2627.58772914541,11716.6710717151,5796.28592838054,5920.38514333459,10558.001225835,5112.03506608046,5445.96615975453,4106.35776382688,1742.3150850648,2364.04267876208,27742.2374046402,13351.2756167778,14390.9617878623,24770.0138403781,11779.857465894,12990.1563744841,9373.75367916279,4414.9006211592,4958.85305800359,16154.8758202627,6905.0318916036,9249.84392865906,12966.6627826454,5661.10304308327,7305.55973956217,4229.03599540359,2307.10861144346,1921.92738396013,1055607,1056426,8.57450813718456
"South Carolina",9949.38745624469,5115.31136704534,4834.07608919935,1274.46610038257,713.915936679364,560.550163703202,3359.97094079186,1953.24294960769,1406.72799118417,4453.7567566132,2112.39032825219,2341.366428361,861.193658457059,335.762152506091,525.431505950968,12902.9707646878,6434.47765542202,6468.49310926581,11477.1410021259,5579.33118875941,5897.8098133665,3769.03486410367,1628.79885201418,2140.23601208948,12266.9941411701,5952.72485236476,6314.2692888053,10792.5008284244,5077.43469952199,5715.06612890243,3492.25326129548,1477.21046311274,2015.04279818274,26432.9699434138,12552.8056722659,13880.1642711479,23201.0319451078,10759.1391250449,12441.8928200629,7006.69317897195,3286.26057594599,3720.43260302597,16220.2436282824,7210.64289412062,9009.60073416177,13080.3822969277,5913.09123046869,7167.29106645905,3919.3770411826,2226.06119022627,1693.31585095633,4894834,4961119,22.4310953503299
"South Dakota",9987.07337172857,5173.91501994944,4813.15835177913,1418.89852072282,812.897254869049,606.001265853769,3012.2890389419,1678.13045287492,1334.15858606698,4589.12787803977,2342.64540125583,2246.48247678394,966.757934024075,340.241910949635,626.516023074439,13045.8702977787,6671.14261369663,6374.72768408206,11997.9858238365,6089.73574428355,5908.25007955296,4083.60229811905,1859.26643424379,2224.33586387526,11463.5530860139,5944.38402693028,5519.16905908367,10568.2471189005,5397.9454936888,5170.3016252117,3628.08143892372,1599.5682576094,2028.51318131432,25448.0900877589,12742.5782620504,12705.5118257085,23810.9891493253,11729.1958797975,12081.7932695278,6712.17212813797,3007.04378851617,3705.12833962181,15678.9860114999,7144.03107985719,8534.95493164273,13426.3257953257,6098.94407280874,7327.38172251693,3629.71329461173,2000.07226789475,1629.64102671697,857919,865454,59.6411440315334
"Tennessee",9598.28089405154,4853.6661402117,4744.61475383985,1004.51004510045,592.929006213139,411.581038887312,3489.82631838153,1915.44999769524,1574.37632068628,4226.74197156173,2000.36208941971,2226.37988214202,877.202559007839,344.925046883605,532.277512124234,13128.0310584171,6464.64563758064,6663.38542083646,11787.7391791669,5715.0841478829,6072.65503128404,4007.91138088896,1752.97980790459,2254.93157298437,12754.4026919559,6307.80087386673,6446.60181808919,11289.8510641911,5456.89073754643,5832.96032664469,3762.59125017286,1672.57108961622,2090.02016055663,26546.3401675437,12800.48266459,13745.8575029537,23211.4026021917,10961.1199662292,12250.2826359625,6525.75201787521,3017.74541414053,3508.00660373468,15402.1436664071,6797.86494610508,8604.278720302,12083.2484212416,5341.56192153637,6741.68649970523,3157.42580502728,1748.30964285974,1409.11616216754,6595056,6651194,23.0873333920697
"Texas",10162.2518619366,5230.83442694962,4931.41743498702,1624.8008222055,939.571242625541,685.229579579957,3267.97957494081,1819.12346713714,1448.85610780368,4464.14187222807,2141.09999770686,2323.04187452121,805.329592562264,331.039719480085,474.289873082179,14502.0647191164,7361.97804134425,7140.08667777217,12569.2284903932,6257.25697665945,6311.97151373374,4268.72916555701,1903.00718139236,2365.72198416465,13581.7864755712,6772.74680866197,6809.03966690921,11199.3526418631,5481.80747110817,5717.54517075489,4170.2189372598,1910.07253139569,2260.14640586411,23872.1880371812,11705.7537651152,12166.4342720661,19619.2848181487,9502.53118533569,10116.753632813,6691.14894293724,3307.18898633701,3383.95995660023,11744.6204815164,5206.4520426244,6538.16843889196,9116.35767426615,4124.78997627348,4991.56769799267,2935.6675091495,1633.18955820016,1302.47795094934,27429639,27862596,22.7174333169338
"Utah",11423.5720075222,5783.32606619604,5640.24594132611,1450.86389766444,850.522565130046,600.341332534394,3540.48910063157,2026.12691899237,1514.3621816392,5651.24696050868,2661.37726072616,2989.86969978252,780.972048717462,245.299321347461,535.672727370001,14729.5287417509,7471.46422562187,7258.06451612903,13592.110296419,6801.17112369559,6790.93917272336,4615.41239443703,2271.92780656396,2343.48458787306,13450.5348702214,6855.07277391535,6595.46209630607,12278.5417931728,6260.81711156705,6017.72468160576,4505.50251585618,2418.71952149245,2086.78299436373,19773.245253846,9812.50785787085,9960.73739597517,18071.1301156411,8911.9289835727,9159.20113206841,6352.36966634477,3432.18423396794,2920.18543237684,10293.543304559,4768.18946630679,5525.35383825225,9364.10765349933,4370.44745057232,4993.66020292701,3075.03564463966,1816.23817306844,1258.79747157123,2990632,3051217,30.3294281156229
"Vermont",10737.7876592428,5565.1921135687,5172.59554567409,897.477670870549,536.346328311675,361.131342558873,2829.47445087592,1511.60859176346,1317.86585911246,5452.26869066329,2783.79397145449,2668.4747192088,1558.56684683303,733.443222039074,825.123624793959,11297.6131150893,5710.69881550197,5586.91429958728,10343.9133157,5112.859534123,5231.05378157703,4395.2287857298,1892.22601295665,2503.00277277316,11156.7383498805,5486.44918925135,5670.28916062918,10532.0657798904,5037.15132697001,5494.91445292036,4293.96506561378,1886.95518840802,2407.00987720576,30025.4916241806,14625.5797907003,15399.9118334803,28039.8282669529,13394.1235097942,14645.7047571587,10771.1695480508,4693.11023370517,6078.05931434559,17582.8318063914,8032.73661210565,9550.09519428579,15321.967518943,6895.03711938258,8426.93039956044,6426.09345651091,3163.13361699953,3262.95983951138,626088,624594,49.6856091050079
"Virginia",9893.66468493247,5102.8689632985,4790.79572163397,1007.10037433731,585.99928509856,421.101089238749,3020.21359323781,1729.68622853877,1290.52736469905,4686.22555104596,2321.85216598286,2364.3733850631,1180.12516631139,465.331283678317,714.79388263307,14016.0478761679,7069.55302645793,6946.49484970996,12940.7318979773,6448.84839560079,6491.88350237649,5550.82367234425,2492.41507736938,3058.40859497487,13096.9896100274,6525.33400608802,6571.65560393934,11938.1250532561,5848.71122343873,6089.41382981737,5551.03878812374,2584.06635031103,2966.97243781272,26640.4998239038,12916.8062429467,13723.6935809571,23960.0735552555,11404.064278029,12556.0092772265,9839.75428041561,4781.71305538861,5058.041225027,14190.9967592808,6267.39823559647,7923.59852368431,11579.407540071,5158.47639229804,6420.93114777295,4179.65179208773,2280.00019599438,1899.65159609335,8367587,8411808,20.3880069540341
"Washington",9344.13270970869,4870.87813482415,4473.25457488454,1293.96993697183,737.805312354667,556.164624617159,2932.78624189802,1662.60025781079,1270.18598408724,4145.02764552832,2033.67461373771,2111.35303179061,972.348885310511,436.797950920982,535.550934389529,14669.2941207689,7544.52682782401,7124.76729294484,13384.499789813,6805.53441271233,6578.96537710065,5217.83335591156,2442.3731441045,2775.46021180706,12943.1768825006,6558.51927785048,6384.65760465009,11694.3168502952,5859.41351537438,5834.90333492079,4820.41928469378,2283.51086338682,2536.90842130696,26193.8413108966,12976.5554188448,13217.2858920519,23955.6498409981,11754.1468292485,12201.5030117495,8686.29622543221,4287.41014679573,4398.88607863648,14477.4303834063,6614.32707334479,7863.10331006146,12989.3202649613,6027.71675448899,6961.60351047234,4611.00039244221,2569.01605940542,2041.98433303679,7160290,7288000,16.4962952799122
"West Virginia",8926.08740758685,4667.81781947614,4258.26958811072,1031.85513942293,590.694564469355,441.160574953573,3323.85868304715,2034.05333795388,1289.80534509327,3858.66132045085,1791.31181992045,2067.3495005304,711.712264665928,251.758097132456,459.954167533471,11834.2057507307,5896.4625135724,5937.7432371583,10729.294593909,5345.41917044213,5383.8754234669,3099.09600647021,1382.52402293687,1716.57198353334,12516.9671921449,6314.32120639656,6202.64598574837,11451.8158901455,5673.60092295007,5778.2149671954,2688.5700737567,1120.7716453573,1567.7984283994,28009.4054869686,13849.5741295878,14159.8313573808,24464.5319825122,11817.6391445548,12646.8928379574,5181.59987789596,2420.29968718989,2761.30019070608,18270.0335079979,8208.7805185402,10061.2529894577,14093.0760820031,6230.1845737195,7862.89150828357,2849.67352922485,1559.1620664913,1290.51146273356,1841053,1831102,48.8594664123936
"Wisconsin",9714.13988232441,4923.79276931551,4790.3471130089,1078.48778695714,612.788972607145,465.698814349994,3053.88919450801,1737.56750951084,1316.32168499717,4500.44912429864,2131.3336191686,2369.11550513004,1081.31377656062,442.102668028921,639.211108531697,12577.4914955917,6410.8007588909,6166.69073670081,11735.086533362,5898.65515835858,5836.43137500345,4222.94734765272,1856.25907285696,2366.68827479576,12078.8516981337,6122.28975894309,5956.5619391906,11084.5194543378,5549.9488461207,5534.57060821711,4049.34836667336,1801.95846280729,2247.38990386608,27671.8648115923,13776.6473048815,13895.2175067109,25673.0753060347,12639.1258087228,13033.9494973119,7569.43915895775,3562.18590122455,4007.2532577332,15616.8519828131,7002.47282758984,8614.37915522329,13634.9317280788,6118.99566063228,7515.93606744649,3445.34943534821,1822.76329424394,1622.58614110426,5767891,5778708,27.2191754050675
"Wyoming",9864.37759459897,5175.13276674822,4689.24482785076,1526.37007612244,861.300304319288,665.069771803156,3368.31158203408,2049.08320617845,1319.22837585563,4512.10883889831,2089.82959824739,2422.27924065092,457.587097544135,174.919658003086,282.667439541049,14054.9479588444,7087.65588904706,6967.29206979738,12883.020347623,6525.73074988705,6357.28959773593,3747.4746613702,1834.61056507915,1912.86409629106,12298.9318989694,6409.45861854387,5889.47328042554,11641.3635549948,6009.32563868691,5632.03791630793,3466.85306578241,1566.26403321087,1900.58903257154,25849.2383493449,12874.6664848139,12974.571864531,23797.768325221,11874.2487916734,11923.5195335476,6282.78678043832,3010.80035120321,3271.98642923511,14073.1900674276,6692.46703207713,7380.72303535048,12767.089190272,6069.67803530786,6697.41115496416,3898.35565292257,2206.10172959058,1692.253923332,586555,585501,104.725127141827
