"NAME","POPESTIMATE2015","POPESTIMATE2016","perCapitaFFL","Senate.Dem","Senate.Rep","House.Dem","House.Rep","Legis.Control","Gov.Party","State.Control","per.capita.18to24","per.capita.18.to24.Male","per.capita.18to24.Female","per.capita.18to24.LessHS","per.capita.18to24.LessHS.Male","per.capita.18to24.LessHS.Female","per.capita.18to24.HS","per.capita.1824.HS.Male","per.capita.18to24.HS.Female","per.capita.18to24.AA","per.capita.18to24.AA.Male","per.capita.18to24.AA.Female","per.capita.18to24.BA","per.capita.18to24.BA.Male","per.capita.18to24.BA.Female","per.capita.25to34","per.capita.25to34.Male","per.capita.25to34.Female","per.capita.25to34.HS","per.capita.25to34.HS.Male","per.capita.25to34.HS.Female","per.capita.25to34.BA","per.capita.25to34.BA.Male","per.capita.25to34.BA.Female","per.capita.35to44","per.capita.35to44.Male","per.capita.35to44.Female","per.capita.35to44.HS","per.capita.35to44.HS.Male","per.capita.35to44.HS.Female","per.capita.35to44.BA","per.capita.35to44.BA.Male","per.capita.35to44.BA.Female","per.capita.45to64","per.capita.45to64.Male","per.capita.45to64.Female","per.capita.45to64.HS","per.capita.45to64.HS.Male","per.capita.45to64.HS.Female","per.capita.45to64.BA","per.capita.45to64.BA.Male","per.capita.45to64.BA.Female","per.capita.65plus","per.capita.65plus.Male","per.capita.65plus.Female","per.capita.65plus.HS","per.capita.65plus.HS.Male","per.capita.65plus.HS.Female","per.capita.65plus.BA","per.capita.65plus.BA.Male","per.capita.65plus.BA.Female","OccupiedHousingUnits","a.LessThan5000","b.5000to9999","c.10000to14999","d.15000to19999","e.20000to24999","f.25000to34999","g.35000to49999","h.50000to74999","i.75000to99999","j.100000to149999","k.150000.or.more","MedianHouseholdIncome","Hispanic","Black.combination","Male","White.NonHispanic","Asian","Asian.combination","Black","Female","Total","White","White.combination","POP_ST","AREA_ST","POP_URBAN","POPPCT_URBAN","AREA_URBAN","AREAPCT_URBAN","POPDEN_URBAN","POP_UA","POPPCT_UA","AREA_UA","AREAPCT_UA","POPDEN_UA","POP_UC","POPPCT_UC","AREA_UC","AREAPCT_UC","POPDEN_UC","POP_RURAL","POPPCT_RURAL","AREA_RURAL","AREAPCT_RURAL","POPDEN_RURAL","CivilianPop.16","Hunting.Fishing.Agriculture","Mining.Oil.Gas","Construction","Manufacturing","Wholesale.Trade","Retail.Trade","Transportation.Warehousing","Utilities","Information","Finance.Insurance","Real.Estate","Sciences.Technical","Management","Waste.Management","Educational.Services","Health.Care","Arts.Entertainment","Foodservice.Accommodation","OtherServices","PublicAdministration"
"Alabama",4853875,4863300,25.2931822699265,11,23,37,66,"Rep","Rep","Rep",9648.35311992995,4855.74927248848,4792.60384744148,1462.58401792382,840.689140120007,621.894877803816,3082.32082614406,1727.71239473616,1354.6084314079,4381.73624166259,2017.33666400556,2364.39957765703,721.71203419948,270.011073626742,451.700960572738,12865.4322577322,6279.76616620741,6585.66609152481,11180.5310190312,5316.70057428343,5863.83044474775,3319.61577090469,1399.66521593572,1919.95055496897,12612.4591177152,6121.17122917257,6491.28788854266,10890.2680847776,5104.56078906029,5785.70729571734,3411.58352862404,1422.47173649919,1989.11179212485,26447.7350570421,12778.2235842497,13669.5114727924,22716.3245860266,10780.8091473307,11935.5154386959,6283.68056449744,2932.70840308001,3350.97216141742,15695.6452319023,6784.37330998429,8911.27192191806,12597.337179058,5552.63578069069,7044.70139836728,3320.02781282996,1789.66289819989,1530.36491463006,1846390,1711.76637222837,1901.96492493111,2624.70706394376,2434.50851124102,2396.47704153898,4298.46256856635,5249.43472998378,6771.02315160568,4070.21194406531,3994.12840256496,2586.67559424171,44765,23611.1111111111,168402.777777778,38541.6666666667,69791.6666666667,131597.222222222,131597.222222222,167361.111111111,44097.2222222222,100000,73958.3333333333,77083.3333333333,4779736,131170787086,2821804,59.04,5716365701,4.36,1278.5,2325304,48.65,4415733067,3.37,1363.9,496500,10.39,1300632634,0.99,988.7,1957932,40.96,125454421385,95.64,40.4,30123.9731142644,363.173752929361,180.02111714867,1975.80283793876,5169.8282300224,873.673096237542,2949.64332620844,1256.93389302362,583.410161983982,502.773557209446,1439.34485333883,451.371327032526,1870.23769668564,14.7923051170457,971.739074450825,2403.66717313487,4201.75632870645,254.291674177848,1339.30107388427,1328.34075867219,1993.87087636167
"Alaska",737709,741894,81.8176181503018,7,13,14,26,"Rep","Rep","Rep",11185.7114390634,6542.28157715305,4643.42986191032,1684.53956776995,1059.36080487021,625.178762899734,4258.58976913661,2505.59502459642,1752.99474454019,4592.86791946418,2692.79621097208,1900.0717084921,649.714182692633,284.529536714341,365.184645978292,16100.9286859724,8666.4253791129,7434.50330685948,14955.3550248133,8052.22655545751,6903.1284693558,4563.85919109025,2171.31687426885,2392.5423168214,12424.4112515911,6476.53749649252,5947.87375509856,11681.7064723353,6096.71293152178,5584.99354081352,3635.85099273562,1627.60654946598,2008.24444326964,25495.2833705431,13227.0312548715,12268.2521156716,23862.1190740522,12369.3760005639,11492.7430734883,7799.14573361583,3854.22978437297,3944.91594924286,9625.47562792375,4750.92482266043,4874.55080526332,8454.55321813886,4229.58104076269,4224.97217737617,2899.65284414315,1543.29146045392,1356.36138368923,250185,610.4032891018,746.093649392918,1085.11621791248,1220.8065782036,1085.11621791248,2577.4390715038,4001.71341274134,6002.63789651475,5086.96518545931,6375.68472121121,5154.87814300761,73355,61139.896373057,38860.103626943,57253.8860103627,67616.5803108808,61139.896373057,68134.7150259067,29533.6787564767,54404.1450777202,100000,70725.3886010363,73575.1295336787,710231,1477953211577,468893,66.02,673703920,0.05,1802.6,315756,44.46,362866427,0.02,2253.7,153137,21.56,310837493,0.02,1276,241338,33.98,1477279507657,99.95,0.4,30578.8596858653,343.360322295106,1283.29734353248,2116.68828765814,1123.74933747589,797.875585088429,3226.88214458547,2040.77759658619,340.920335796364,721.287119989047,721.82933921099,504.128321601065,1584.22901171058,28.0598447355258,935.32815785086,2107.19945127415,4574.83913033459,387.957853299878,1684.13290335349,1440.81202750678,4615.50557198028
"Arizona",6817565,6931071,26.1611805736805,12,17,24,36,"Rep","Rep","Rep",9821.43917953111,5072.66157345034,4748.77760608076,1674.89418876094,983.400965007301,691.493223753642,2982.17912113783,1661.25295468397,1320.92616645386,4441.13110766087,2128.7952516771,2312.33585598377,723.234761971466,299.212402081975,424.022359889491,13417.708522031,6914.93223753642,6502.77628449454,11667.9782297639,5900.90450182727,5767.07372793659,3535.67586080954,1594.92428748387,1940.75157332567,12398.4736485827,6242.77142938865,6155.7022191941,10404.5359303505,5149.28717217951,5255.24875817099,3560.91947784876,1698.15762665996,1862.7618511888,24303.6186673688,11788.0650936221,12515.5535737466,21028.431705455,10107.7877511986,10920.6439542564,6773.65012288112,3292.48052640496,3481.16959647616,16428.2115388705,7555.07281558738,8873.13872328317,14191.9585658516,6649.16286093349,7542.79570491811,4574.00846196553,2530.25823736187,2043.75022460365,2463008,1445.0907325416,1264.4543909739,1734.10887904992,1878.61795230409,2023.12702555825,3865.61770954879,5238.46857345695,6791.94111093917,4335.27219762481,4371.39946593835,3143.07234327799,51492,26344.0860215054,54301.0752688172,53225.8064516129,61559.1397849462,32258.064516129,38978.4946236559,42473.1182795699,56720.4301075269,100000,89247.311827957,90053.7634408602,6392017,294207314414,5740659,89.81,5663221936,1.92,2625.4,5117783,80.07,4696616836,1.6,2822.2,622876,9.74,966605100,0.33,1669,651358,10.19,288544092478,98.08,5.8,29972.3875019893,242.579278672077,198.63396975313,2121.98930263224,2542.91671586556,800.681768343976,3325.29282815785,1345.28970387521,374.165849537188,597.955428367753,2177.43431855802,755.592355921799,1952.76466010958,27.2384641730589,1715.90589895366,2170.73104546858,4081.97061560836,580.485847953045,1783.99472538949,1209.36140689528,1967.40331775348
"Arkansas",2977853,2988248,42.5304950146931,13,22,48,51,"Rep","Dem","Divided",9551.88184238779,4860.07872114574,4691.80312124205,1219.30128854581,680.691760137253,538.609528408555,3027.44964241015,1731.98609870937,1295.46354370078,4617.58857807958,2170.42278446921,2447.16579361036,687.542333352251,276.9780778299,410.564255522351,12941.9081465741,6393.16312793143,6548.74501864263,11471.8557296146,5577.94491534673,5893.91081426786,3124.16361721012,1325.18294220702,1798.9806750031,12341.0725781293,6125.92361006403,6215.14896806525,10843.5842870686,5316.38062725057,5527.203659818,3095.65314338888,1355.10382816076,1740.54931522812,25414.7870966095,12405.3470738818,13009.4400227278,21854.3024118383,10432.8185440987,11421.4838677396,5339.88749612556,2357.94043560915,2981.94706051642,16055.6615789967,7130.13704840366,8925.52453059301,12842.7427411628,5749.47789565167,7093.26484551118,2993.76765743641,1622.24260230441,1371.525055132,1144663,1576.00123310318,1921.95518046055,2729.18105762776,2498.54509272284,2652.28001516529,4843.32168176199,5765.86554138166,6803.72738345378,3997.64528336355,3574.82387478495,2114.14062413423,41995,41463.4146341463,157317.073170732,10975.6097560976,63414.6341463415,241463.414634146,247560.975609756,154878.048780488,19512.1951219512,100000,68292.6829268293,68902.4390243902,2915918,134771261408,1637589,56.16,2841198188,2.11,1492.8,1152837,39.54,1881196989,1.4,1587.2,484752,16.62,960001199,0.71,1307.8,1278329,43.84,131930063220,97.89,25.1,30497.0057286239,824.117241515951,183.655808396183,1987.60650710428,5044.47331684942,870.795166853434,3793.10194290988,1508.26786950195,433.063687159843,569.470689117294,1173.19424430957,382.053781701112,1207.64859783206,30.1895358837391,873.851059807183,2772.40011511649,4445.35039170839,243.531161544912,1205.70088583956,1200.05923730956,1748.47448816312
"California",38993940,39250017,6.49235387592316,28,11,55,25,"Dem","Dem","Dem",10112.1789693475,5225.69147924011,4886.48749010744,1258.60325989115,760.536124331114,498.067135560038,2991.4930371232,1688.84447173074,1302.64856539247,4883.70500647024,2362.07728688099,2521.62771958925,978.377665862952,414.233596297271,564.144069565681,14957.996037333,7680.27801242962,7277.71802490336,13023.0210130087,6557.64972711144,6465.37128589724,5090.94490066918,2359.38199627942,2731.56290438976,13310.7093050869,6672.03416736036,6638.67513772653,10824.3998939322,5348.89267409244,5475.5072198398,4619.11004633028,2165.42365300865,2453.68639332163,25318.3520311105,12448.2650381059,12870.0869930046,20567.0752942637,10054.4546152556,10512.6206790081,7863.87833596708,3907.18660386717,3956.69173209991,13308.6269302358,5894.64414214106,7413.98278809477,10572.901840645,4796.26834323487,5776.63349741011,4008.1125426156,2141.54045474758,1866.57208786801,12896357,959.108004987442,859.890023937053,1587.49026130727,1422.12610472294,1554.41589128977,2844.25220944588,3869.50638996726,5423.92484575808,4034.87054655159,5060.12472707298,5423.92484575808,64500,1229.50819672131,56147.5409836066,32377.0491803279,18852.4590163934,140163.93442623,145081.967213115,48360.6557377049,34836.0655737705,100000,64344.262295082,68442.6229508197,37253956,403466310059,35373606,94.95,21287926350,5.28,4303.7,33427689,89.73,18915178185,4.69,4577.1,1945917,5.22,2372748165,0.59,2124.1,1880350,5.05,382178383709,94.72,12.7,31167.2403455511,615.277655963978,79.868820642387,2020.68064935218,3680.77962883463,1091.98249779325,2921.31546594163,1433.14063672458,318.552062192228,1015.04490184885,1458.86771123923,739.596973273283,2915.78383718085,30.222644851995,1479.24780106858,2072.77848814457,3763.51812614986,657.968904911891,1757.09097362308,1433.5150538776,1682.00751193647
"Colorado",5448819,5540545,31.1371294099528,18,17,37,28,"Dem","Dem","Dem",9689.23724572242,5101.3256267092,4587.91161901322,1296.02396409204,736.361402351592,559.662561740443,2894.75572596557,1681.83233834708,1212.92338761849,4420.16884759798,2264.80270311787,2155.36614448012,1078.28870806683,418.32918289266,659.959525174171,15180.1151772522,7867.1176267738,7312.99755047837,13981.9105754843,7157.56937420751,6824.34120127683,5963.25552381167,2732.79402380589,3230.46150000578,13544.0175201268,6961.58195014369,6582.43556998315,12178.730840573,6173.28268749613,6005.44815307684,5856.00292467047,2751.77061304477,3104.23231162569,25604.7227848824,12675.1136347161,12929.6091501663,23597.0400191308,11631.4562843802,11965.5837347506,9887.24345587548,4854.42808799485,5032.81536788064,13059.1968644949,5939.26867455131,7119.92818994355,11686.8260810278,5393.90278884287,6292.92329218497,4735.48488213685,2600.96729217836,2134.51758995848,2074735,1028.05763964632,989.99434556369,1408.83740127907,1446.90069536169,1751.51716362757,3274.59950495695,5026.13502118533,6968.04206562927,5102.27996195139,6130.35595419852,4988.05337450189,63909,138095.238095238,30158.7301587302,42857.1428571429,80000,9206.34920634921,22857.1428571429,26666.6666666667,45396.8253968254,100000,90793.6507936508,92698.4126984127,5029196,268431246426,4332761,86.15,3956737225,1.47,2836.1,3865471,76.86,3258048896,1.21,3072.9,467290,9.29,698688329,0.26,1732.2,696435,13.85,264474509201,98.53,6.8,35050.5678386454,456.282361370418,601.010971368291,2953.83274797713,2936.08578299261,1092.49362109477,3450.41742072915,1399.27569625638,398.141322000235,1212.99679802174,1916.37857671543,864.370793010375,3639.19227267413,56.4526000955436,1387.56673693878,2593.8831882652,4062.27477917692,655.55490097946,1900.30169840474,1464.55589734216,2009.49967323194
"Connecticut",3584730,3576452,15.08245229257,21,14,98,53,"Dem","Dem","Dem",9842.94493588081,5073.12963598374,4769.81529989706,1059.52191657391,694.975632753373,364.546283820539,2721.68336248476,1557.49526463639,1164.18809784837,4611.0864695528,2191.82476783468,2419.26170171812,1450.65318726933,628.833970759304,821.81921651003,12351.7252345365,6229.06048712176,6122.66474741473,11390.0907460255,5666.31238614903,5723.77835987648,5403.58688102033,2435.05089644129,2968.53598457903,12065.1764568043,5887.80744993347,6177.36900687081,11088.4780722676,5313.67773863025,5774.8003336374,5043.64345431874,2244.74367665068,2798.89977766805,28848.8951748109,13972.6283429993,14876.2668318116,26502.8607454397,12709.436972938,13793.4237725017,11062.3394230528,5244.38381691229,5817.95560614049,15769.1932167834,6800.76323739863,8968.42997938478,13295.2272556092,5773.87976221361,7521.3474933956,4937.16402630045,2610.43370072502,2326.73032557543,1343703,1087.02747487258,1012.04274798939,1461.86742097731,1499.35978441891,1499.35978441891,2698.83645351254,4235.68860137305,5959.94677423404,4685.48537825722,6372.27908378037,6972.01741832718,71346,111489.361702128,107659.574468085,26382.9787234043,62127.6595744681,2553.1914893617,2553.1914893617,104255.319148936,34893.6170212766,100000,78723.4042553192,80425.5319148936,3574097,12541641427,3144942,87.99,4730500209,37.72,1721.9,3031980,84.83,4500564038,35.88,1744.8,112962,3.16,229936171,1.83,1272.4,429155,12.01,7811141218,62.28,142.3,33914.1302134331,104.694077378213,20.7268050871335,2012.06227526201,4529.88091153309,1094.75469561166,3007.5905298307,1082.08986450862,376.54160843355,896.385501836958,3365.13489160969,627.997087646768,2800.21089454436,71.0513762542786,1219.28290275697,3156.89047710706,4898.27685767129,495.769555866132,1228.62809751362,1247.90430520569,1678.25749777529
"Delaware",944076,952065,12.542911110761,13,8,27,14,"Dem","Dem","Dem",9437.58765184159,4766.35355628149,4671.2340955601,1331.88429745063,787.542528355768,544.341769094861,2895.95329189599,1518.09811921922,1377.85517267678,4173.28689639393,1972.51068769887,2200.77620869506,1036.46316610103,488.202221007631,548.260945093404,13171.3972180206,6469.39441316165,6702.00280485893,11589.8508170952,5616.07328223575,5973.77753485948,4329.73616530872,1923.67987323054,2406.05629207818,11728.6108321788,5709.81573517386,6018.7950970049,10436.3419894161,5018.3459806202,5417.9960087959,4140.76832797359,1682.91535850927,2457.85296946432,27194.5267118325,12924.912824815,14269.6138870176,24725.9754511289,11436.155563747,13289.8198873819,8454.0863235587,3924.89587702685,4529.19044653185,17035.0692105297,7622.58546981387,9412.48374071579,14713.328164258,6543.43506243141,8169.89310182655,4464.47108071808,2469.39865010868,1995.0724306094,352595,1232.42196602816,784.258894411043,1232.42196602816,1568.51778882209,1904.71953529165,3435.95219028976,4929.89971146391,7021.36268690233,5564.80622322779,5378.06278308102,4294.99319970002,61255,91780.8219178082,21689.497716895,61872.1461187215,81735.1598173516,60045.6621004566,61187.2146118721,19178.0821917808,67808.2191780822,100000,86757.9908675799,88356.1643835616,897934,5046703785,747949,83.3,1053792304,20.88,1838.3,616982,68.71,740579379,14.67,2157.7,130967,14.59,313212925,6.21,1083,149985,16.7,3992911481,79.12,97.3,33220.9483134832,406.217296065147,15.1470856159885,2328.62608518806,3123.47734716273,657.680102025684,3430.33823548104,1178.08312042675,304.95426215686,575.801100758837,3192.32773632631,618.700189391532,2262.42378791538,19.7018036683487,1281.67647519903,3111.50797181583,5036.67077650528,513.30613213343,1709.18443006707,1240.04847067397,2215.07590490596
"Florida",20244914,20612439,15.5072219578996,14,26,45,74,"Rep","Rep","Rep",8762.70454890547,4505.96628861945,4256.73826028602,1437.00783317726,849.981382978461,587.026450198801,2602.66356280891,1474.20236015821,1128.4612026507,3953.68930685505,1877.05415789862,2076.63514895642,769.343846064251,304.728387584161,464.61545848009,12809.404870774,6438.17503991373,6371.22983086023,11489.3548078298,5635.4450307865,5853.90977704326,3724.05138396735,1607.08017826107,2116.97120570628,12168.3500359646,6026.19502359951,6142.15501236508,10786.7635298426,5218.43165152492,5568.33187831769,3734.41942010719,1639.78962815056,2094.62979195664,26635.4453271572,12825.9374181585,13809.5079089988,23596.0794893967,11175.7402377703,12420.3392516264,7536.81146780866,3628.25942357671,3908.55204423195,19487.5265955686,8749.6099020228,10737.9166935458,16430.0129899292,7500.56532717304,8929.44766275619,5218.87126811208,2944.61611444731,2274.25515366477,7463184,1400.8456642493,1327.11850492425,1916.95059806132,2101.27343588617,2285.59627371102,4165.68329210981,5455.94315688375,6819.93018098274,4202.54687177234,4091.95613278476,3170.34194366052,49426,308791.208791209,213186.813186813,489010.989010989,528571.428571429,325274.725274725,351648.351648352,200000,513186.813186813,100000,56043.956043956,58241.7582417582,18801310,138887481596,17139844,91.16,19173902265,13.81,2315.2,16439936,87.44,17700464722,12.74,2405.5,699908,3.72,1473437543,1.06,1230.3,1661466,8.84,119713579331,86.19,35.9,31165.5213748994,308.018102719527,34.2752752617275,2390.39790438231,1912.29263804233,1021.78255733761,3421.14567639062,1517.49718472501,291.905413873331,674.678094458687,1894.68821650712,907.403212480922,2260.05405604588,31.0151971996522,1841.96386312137,2182.35552889975,4355.68162947,786.157945645015,2259.71322970303,1397.87207789571,1676.62357073979
"Georgia",10199398,10310371,19.256500727924,18,38,60,119,"Rep","Rep","Rep",10085.6834883784,5127.98892640526,4957.69456197317,1654.66628520624,969.998425397264,684.667859808981,3213.47397169911,1765.52576926599,1447.94820243312,4406.97578425707,2062.54329912412,2344.43248513295,810.567447216002,329.921432617886,480.646014598116,13562.2514191524,6708.70967090411,6853.54174824828,11858.1312348043,5690.85547990185,6167.2757549024,4172.19722183603,1753.4172114864,2418.78001034963,13610.5385827673,6568.9171066763,7041.62147609104,11824.0998145185,5582.16279039214,6241.93702412633,4533.21852917202,1977.87163516906,2555.34689400296,25585.3041522647,12302.9908235761,13282.3133286886,22489.474378782,10620.4503442262,11869.0240345558,7713.85722961296,3669.52049522923,4044.33673438374,12772.9009104263,5526.38498860423,7246.51592182205,10282.9108149324,4520.52170137885,5762.38911355357,3190.83538067639,1712.30694203717,1478.52843863922,3656407,1469.81223793796,1398.1119277824,1971.70460452666,1792.45873138787,2079.25016750989,3692.46302575897,5018.88444788604,6524.56154765213,4122.65508219211,4445.30157564201,3333.9712794814,51244,85135.1351351351,39414.4144144144,62387.3873873874,73873.8738738739,68468.4684684685,73423.4234234234,37387.3873873874,67792.7927927928,100000,79279.2792792793,80180.1801801802,9687653,148959236603,7272151,75.07,12423724190,8.34,1516,6334271,65.38,10239668028,6.87,1602.2,937880,9.68,2184056162,1.47,1112.2,2415502,24.93,136535512413,91.66,45.8,32382.371979209,343.235943925318,43.5319810051534,2175.55977323368,4246.2408075457,1095.78035880157,3240.69126432756,1796.40014047888,385.826692908738,932.319731027262,1576.916598411,655.391622132993,2461.62567633894,38.7473848946771,1426.35869293462,2918.2114473815,3759.12382279817,288.899403670687,1609.48714816306,1386.11121950531,2001.91226972415
"Hawaii",1425157,1428557,7.30340709774502,24,1,44,7,"Dem","Dem","Dem",9436.36385324564,5288.18930124891,4148.17455199673,597.758703076222,278.074626163995,319.684076912228,3621.42556925307,2348.09217510772,1273.33339414535,4452.28139776881,2386.6844144189,2065.5969833499,764.898183147541,275.338085558293,489.560097589248,15184.0113054211,8213.20037020483,6970.81093521626,14473.5632635562,7785.59835863698,6687.96490491925,4773.01799029861,2237.08686130721,2535.9311289914,12474.2045964059,6403.7856881733,6070.41890823257,11515.0120302535,5807.64084237737,5707.37118787614,4310.40229251935,1961.60844033324,2348.79385218611,24880.6271870397,12325.1683849569,12555.4588020829,22969.8201671816,11343.9431585432,11625.8770086383,7825.80445522844,3760.28746306547,4065.51699216297,16640.4824170249,7493.7006940288,9146.78172299613,13906.1871779741,6435.29098899279,7470.89618898128,4786.20951937225,2468.78063258995,2317.4288867823,445936,907.408797767544,750.934809287678,1001.22302314763,1063.81261853957,1063.81261853957,2127.69540478698,3410.6417749062,5569.63197738916,4537.04398883772,5882.50978664105,4975.10098887351,73486,3525000,1791666.66666667,3133333.33333333,1258333.33333333,3033333.33333333,3450000,1025000,3266666.66666667,100000,1466666.66666667,2333333.33333333,1360301,16634529975,1250489,91.93,1018212915,6.12,3180.8,972075,71.46,585035739,3.52,4303.4,278414,20.47,433177176,2.6,1664.7,109812,8.07,15616317060,93.88,18.2,33563.6705289312,388.658933717478,13.6125353206699,2838.4241174832,1049.56857384836,946.07120478656,3383.97804592757,1760.85862820728,278.004458456156,615.511133159364,1462.43536677012,1196.07874781515,1771.94512604576,12.0688457482228,1555.40757965614,2575.50571621232,3637.84481288728,606.599834263874,4062.56994843375,1468.75046047558,3939.77645971637
"Idaho",1652828,1683140,56.7490919749199,7,28,13,57,"Rep","Rep","Rep",9484.77397527147,4825.12396934224,4659.65000592923,1320.28257023719,749.200763781833,571.08180645536,3266.28058091949,1852.46135714061,1413.81922377888,4402.4544598712,1987.62363657924,2414.83082329196,495.756364243587,235.838211840554,259.918152403033,13117.5173702285,6641.70742509202,6475.80994513646,11848.9038181831,5940.60604007193,5908.29777811121,3293.6881514592,1585.10141406123,1708.58673739796,12373.035790778,6234.58702296912,6138.44876780887,11114.4656310275,5484.66023082862,5629.80540019893,3673.46148540562,1793.29004590919,1880.17143949643,24285.8301045239,12027.2042825993,12258.6258219246,22116.6388759145,10865.8614205471,11250.7774553674,6185.70111348549,3131.84432983952,3053.85678364597,14718.0468869114,6909.18837289785,7808.85851401356,12968.8630637913,6133.60857875109,6835.25448504019,3600.9796542653,2091.56669659517,1509.41295767013,597421,1301.22432582217,1301.22432582217,1987.98665075858,2096.40688565295,2168.70720970361,4373.53433025094,5385.6178622337,6831.44283615718,4337.41441940722,4228.99418451285,2096.40688565295,48275,228205.128205128,220512.820512821,1046153.84615385,1256410.25641026,353846.153846154,430769.230769231,2564.10256410256,1048717.94871795,100000,69230.7692307692,76923.0769230769,1567582,214044680857,1106370,70.58,1292606730,0.6,2216.8,791843,50.51,886257981,0.41,2314.1,314527,20.06,406348749,0.19,2004.7,461212,29.42,212752074127,99.4,5.6,29498.2902032153,1438.20167615747,212.665806726411,2073.90000653426,3570.00244429547,1014.74563596454,3211.22343038719,1288.0348106397,338.813234044922,625.231421539325,1268.00852841312,442.272275155068,1867.82895739908,27.2260634500384,1179.55407338211,2214.93101520545,3866.22201463189,437.674095550172,1377.03378693972,1223.41828671828,1821.30264008112
"Illinois",12839047,12801539,15.8620251309888,40,19,71,47,"Dem","Dem","Dem",9641.46326436845,4896.11884745028,4745.34441691817,1201.1093969825,693.369219693642,507.74017728886,2782.51960601126,1521.71730503051,1260.80230098075,4449.224307692,2150.3620946321,2298.86221305989,1208.6099536827,530.670228094032,677.939725588667,13811.0873805509,6926.62002094081,6884.4673596101,12625.9682669594,6210.67903248582,6415.28923447355,5523.3538750968,2505.57537487011,3017.77850022669,13027.4856069925,6502.77236308894,6524.71324390354,11589.9723710023,5734.17949167099,5855.79287933131,4869.22432794272,2273.97718849382,2595.2471394489,26387.4413731798,12910.5220971619,13476.9192760179,23626.5277321596,11438.24771418,12188.2800179795,8369.60095246945,3983.93276385701,4385.66818861244,14239.5693387523,6162.91068955507,8076.65864919725,11899.7850852949,5184.27886431135,6715.50622098354,3463.30222173032,1809.70596960974,1653.59625212058,4794523,1307.01289589484,1232.32666723628,1605.75781052908,1792.47727654553,1867.16350520409,3398.23508707461,4705.24798296945,6535.0722682143,4742.59499166877,5489.45727825437,4667.90876301021,59588,12145.7489878543,14777.3279352227,72672.0647773279,85425.1012145749,84008.0971659919,86437.2469635627,12753.036437247,76315.7894736842,100000,92307.6923076923,92712.5506072874,12830632,143793362385,11353553,88.49,10218955838,7.11,2877.6,10260671,79.97,8610185823,5.99,3086.5,1092882,8.52,1608770015,1.12,1759.5,1477079,11.51,133574406547,92.89,28.6,33674.3762991132,334.378400515241,86.7042546070592,1765.78526428013,5213.03489269881,1290.68769668029,3010.08322502441,1955.90840971296,301.221733980723,684.412168597872,2349.94077052604,620.357570152987,2775.50973993631,67.3959679406112,1300.35352312364,2675.11288026284,4287.98959922804,418.847286718399,1660.14658253062,1369.54090128341,1506.96543131278
"Indiana",6612768,6633053,22.1127435586599,13,37,31,69,"Rep","Rep","Rep",10228.2886682249,5208.30308881243,5019.98557941243,1631.87336982032,939.42506375545,692.448306064873,3196.95171522727,1775.97338966073,1420.97832556654,4440.34933631423,2077.08783976695,2363.26149654729,959.114246863038,415.816795629304,543.297451233734,12733.2759897217,6357.20170433924,6376.07428538246,11280.7223843329,5557.61218297693,5723.11020135592,3741.57992538072,1654.60212727862,2086.9777981021,12439.5412027157,6224.2921572328,6215.24904548292,11178.6017595052,5546.31585441981,5632.28590508543,3556.36247937324,1528.05905182217,2028.30342755106,26216.3892639209,12863.5088967283,13352.8803671927,23569.1922051401,11430.5537408843,12138.6384642558,6410.26571626284,3154.89670891221,3255.36900735063,14597.8809478875,6375.33329462035,8222.54765326713,12183.6725558798,5378.38315210816,6805.28940377161,2746.62592124811,1462.60990858896,1284.01601265915,2515143,1255.13249519717,1293.16498023218,1901.73010757371,2129.94014004423,2129.94014004423,4297.91276512347,5819.28777782617,7340.67791278932,4754.31770780405,4526.12279759399,2624.37756775982,50532,70189.701897019,89701.8970189702,50406.5040650406,86449.864498645,132249.322493225,134688.346883469,84010.8401084011,56639.566395664,100000,91598.9159891599,92140.9214092141,6483802,92789193658,4697100,72.44,6540696730,7.05,1860,3836584,59.17,5187412076,5.59,1915.5,860516,13.27,1353284654,1.46,1646.9,1786702,27.56,86248496928,92.95,53.7,32737.9699393658,431.090278685113,92.7599456082536,1988.75871647092,7803.22249321313,1092.58331760618,3111.0572758639,1500.77849396803,343.69873553707,541.195457031004,1481.08931086044,549.482455758315,1599.19416498507,24.4526951497467,1126.89572657017,2388.15273725012,4303.81044669948,375.410115703439,1332.24090123833,1283.33551093884,1368.76116022821
"Iowa",3121997,3134693,41.051335276958,26,24,47,53,"Split","Rep","Divided",10270.4134565152,5301.86287815139,4968.55057836378,1118.29063256627,675.625248839124,442.665383727146,2679.27867963999,1518.51523239772,1160.76344724226,5453.36846896394,2691.41834537317,2761.95012359077,1019.47567534498,416.304051541369,603.17162380361,12580.1530238498,6367.17460010372,6212.97842374608,11721.7281118464,5891.70969735077,5830.01841449559,4216.62801085331,1836.77306544497,2379.85494540834,11789.2169659356,5964.09926082568,5825.1177051099,10887.4544081881,5463.81050334129,5423.6439048468,3959.19662959317,1794.26821998868,2164.92840960449,26026.3222546338,12978.6479615451,13047.6742930887,24167.7362278055,11908.5636533283,12259.1725744772,6484.27913287553,3035.33283343962,3448.94629943591,16052.2896082219,7093.0241124511,8959.26549577082,14172.4992048359,6207.8855296786,7964.61367515728,3167.94026387597,1723.64034943019,1444.29991444579,1247249,1078.63652655656,1278.38047249885,2037.44590401592,1957.56113795113,2077.38828704832,4074.92383881215,5632.99708487869,8149.84767762429,5553.08028803359,5233.4771622138,2916.37051541049,54736,254347.826086957,255978.260869565,19021.7391304348,80978.2608695652,215217.391304348,223369.565217391,235326.086956522,21195.652173913,100000,87500,89673.9130434783,3046355,144669296857,1950256,64.02,2468980575,1.71,2045.8,1268964,41.66,1507132351,1.04,2180.7,681292,22.36,961848224,0.66,1834.5,1096099,35.98,142200316282,98.29,20,35811.0850202611,1437.31720434068,67.2966694074338,2492.53923049894,7011.56983815167,1194.23561265434,3292.79624548006,1595.10082809176,365.246987745344,632.159479973876,2850.61132345739,339.590332726137,1556.43967627131,19.4747144215706,911.980376662758,2929.72735079502,4976.49421187785,440.807598469826,1116.97737057403,1225.7218696879,1354.99809897319
"Kansas",2906721,2907289,38.5009310506569,8,32,33,92,"Rep","Rep","Rep",10421.6400542054,5507.82135609162,4913.81869811379,1300.12477977763,778.574895905042,521.549883872584,3090.35507707826,1766.52661194521,1323.82846513305,5101.17758119888,2560.82369102504,2540.35389017384,929.982616150638,401.896157216327,528.086458934311,13227.9293403116,6769.62116419154,6458.3081761201,11905.3393841377,6004.36023959644,5900.97914454122,4709.94636224116,2150.49879228175,2559.44756995941,11945.7629404404,6033.39639408117,5912.36654635928,10773.4798076596,5371.17253427488,5402.30727338468,4199.37104386696,1952.85340423109,2246.51763963586,25138.2227602856,12447.0494416217,12691.1733186639,23044.5233649876,11288.6651316036,11755.8582333839,7928.03987723624,3822.55469307168,4105.48518416456,14657.4783063115,6463.57183919613,8193.90646711535,12924.3570332344,5731.7850595224,7192.57197371196,3772.22306509638,1993.93061804005,1778.29244705632,1111582,1223.71565760869,1261.97182323312,1797.35172381525,1835.57348641304,2026.78550848189,3824.17163532379,5583.26719351462,7418.8750829543,4818.45350826584,5315.57724322355,3174.05764089502,53906,104605.263157895,48684.2105263158,9210.52631578947,69736.8421052631,299342.105263158,309868.421052632,36184.2105263158,15789.4736842105,100000,78289.4736842105,79605.2631578947,2853118,211754095913,2116961,74.2,2519183616,1.19,2176.5,1431424,50.17,1623806507,0.77,2283.1,685537,24.03,895377109,0.42,1983,736157,25.8,209234912297,98.81,9.1,34451.3628931019,1031.12751447421,296.726104775794,2451.76609657411,5154.02063011895,1185.73471619739,3129.19609415558,1339.72266344104,420.129761335883,824.193309230573,2003.25383825967,497.81179549052,2237.05680730968,33.1301146549669,1081.45914244952,2972.14627754091,4815.83887824115,381.770386631534,1367.14187567365,1372.16471756319,1856.97216898354
"Kentucky",4424611,4436974,31.8366376123307,14,23,54,46,"Split","Dem","Divided",9621.61419388055,4937.69960794294,4683.91458593761,1364.48153295284,831.101310375082,533.380222577759,3351.00645005855,1909.11698226127,1441.88946779728,4184.68425811896,1866.01714817416,2318.66710994481,721.441952750196,331.464167132433,389.977785617764,12690.4263448244,6323.086933518,6367.33941130644,11485.5746640778,5621.91794939713,5863.65671468068,3486.00136825588,1474.02788629328,2011.9734819626,12734.9500328955,6390.48268876066,6344.46734413489,11304.1123841169,5590.07334204069,5714.03904207624,3469.16372987365,1485.41871816528,1983.74501170837,26887.9682304275,13143.4605211622,13744.5077092653,23109.7603834552,11026.0992435267,12083.6611399285,5944.83899262557,2730.02530617946,3214.81368644611,15235.8704527923,6684.40683260065,8551.4636201917,11615.8008014716,5070.66044902026,6545.14035245132,2834.12485300968,1490.84292381861,1343.28192919106,1716168,1435.10921073062,2133.27228088526,2559.93125723369,2443.5594451128,2327.21023384881,4421.69944431273,5662.8707020798,7020.41377196775,4305.32763219185,3995.0404679643,2404.77637469147,45215,11481.4814814815,91481.4814814815,37037.037037037,88518.5185185185,144814.814814815,144814.814814815,83703.7037037037,40370.3703703704,100000,91111.1111111111,92592.5925925926,4339367,102269141641,2533343,58.38,3653655859,3.57,1795.8,1778528,40.99,2207361288,2.16,2086.8,754815,17.39,1446294571,1.41,1351.7,1806024,41.62,98615485782,96.43,47.4,30654.9660523829,526.328755228426,331.50936884621,1804.52021657949,5358.50496235714,892.846851395524,3094.35111922833,1596.32112291905,339.44226961421,500.360370663093,1563.43687614572,422.364813539541,1368.61748976351,16.1822135324439,957.033284959966,2599.95737478391,4514.3177558434,319.304906126211,1440.78202580973,1281.92060273773,1726.86367230927
"Louisiana",4668960,4681666,26.0359595636824,13,26,44,59,"Rep","Rep","Rep",9836.96583393304,5038.50964668791,4798.45618724512,1640.42956033035,955.758884205476,684.670676124876,3221.98091223741,1825.73849422569,1396.24241801172,4244.13573900826,1933.74970014736,2310.3860388609,730.419622357013,323.262568109386,407.157054247627,14362.9416401083,7018.65083444707,7344.29080566122,12495.5022103423,5902.62071210719,6592.88149823515,3800.9963674994,1656.51451286796,2144.48185463144,12381.172680854,6188.57304410404,6192.59963674994,10688.6330146328,5210.81782666804,5477.81518796477,3126.99187827696,1283.41215174257,1843.57972653439,25551.1934135225,12321.9946197868,13229.1987937356,21871.6802028717,10173.0363935437,11698.643809328,5641.89883828519,2500.66395942565,3141.23487885953,13999.0062026661,6088.22949864638,7910.77670401974,11027.0167232103,4784.74863781227,6242.26808539803,2809.51218258456,1404.61687399335,1404.89530859121,1737908,1749.44741441349,2084.44707172475,2419.46814708201,2456.6712929646,2345.01901922484,3945.58959596998,4801.71173023543,6067.28264966931,4057.24186970974,4317.81381720983,2940.5692059902,45727,38043.4782608696,7608.69565217391,37681.1594202899,53260.8695652174,170289.855072464,171376.811594203,5434.78260869565,41666.6666666667,100000,62681.1594202899,64130.4347826087,4533372,111897594452,3317805,73.19,5097451640,4.56,1685.8,2780406,61.33,4010132099,3.58,1795.8,537399,11.85,1087319541,0.97,1280.1,1215567,26.81,106800142812,95.44,29.5,31212.3684931976,310.882937527843,1166.81230937939,2661.83475549159,2943.11795346287,921.018813611597,3125.5782872417,1402.06812652068,370.72495802063,522.300469483568,1278.764435763,583.941605839416,1800.97923306261,14.2644186285597,981.674719851958,2801.69459579864,4544.45957986361,595.507350673383,1658.89191597272,1451.97217367465,2075.87985332922
"Maine",1329453,1331479,38.866553659502,19,15,89,58,"Dem","Rep","Divided",8441.74258134737,4366.45748288958,4075.28509845779,1009.7385917366,539.018679110882,470.719912625719,2621.30364894434,1373.19634466205,1248.10730428229,4001.72100856518,2046.93208409775,1954.78892446743,808.979332101248,407.310375018899,401.668957082349,11430.5658041315,5591.7734587082,5838.79234542327,10637.7585367817,5176.64031748396,5461.11821929771,3726.87112669647,1591.63204716526,2135.23907953121,11483.8207894525,5662.55444908545,5821.26634036705,10943.7490456601,5332.9452037793,5610.80384188083,3875.57890350392,1550.33686786972,2325.2420356342,30541.5836437994,14890.5602529762,15651.0233908231,28307.5821409256,13467.7946493784,14839.7874915473,8449.56534755271,3764.02926617188,4685.53608138084,18847.4507936723,8519.66936777757,10327.7814258947,16426.9816232691,7400.1111735428,9026.87044972632,5727.84445933779,3038.46770062575,2689.37675871204,545226,1066.22799000792,1640.44911704287,2501.63036978366,2583.69419603401,2173.52550259392,4347.12622409367,5536.48756293002,8038.1931516195,5372.43512933515,4798.28922120601,2952.79336689601,51494,5000,615000,1905000,2505000,130000,285000,2395000,1990000,100000,25000,65000,1328361,79882800680,513542,38.66,931423305,1.17,1428,348137,26.21,616415489,0.77,1462.8,165405,12.45,315007816,0.39,1360,814819,61.34,78951377375,98.83,26.7,31655.8012957209,715.2565754487,42.0473683537515,2424.75664803494,3700.69494747088,848.394038751276,3505.65232467789,1091.50154236366,291.849354584179,706.756839090964,1923.87395417514,609.197918241563,1897.02080479716,8.34929854609377,839.969521299361,2926.9180632937,5497.67460752655,325.246548768554,1381.54564320815,1312.34424985314,1606.75104723522
"Maryland",5994983,6016447,9.81060748976929,36,11,98,43,"Dem","Dem","Dem",9277.47418132795,4725.91832203694,4551.55585929101,1017.95117684237,602.887447720869,415.0637291215,2661.77568810454,1500.00425355668,1161.77143454785,4304.7328074158,2063.67557672807,2241.05723068773,1293.01450896525,559.351044031318,733.663464933929,13913.8509650486,6876.96695720405,7036.88400784456,12601.2200535014,6083.33668335673,6517.88337014467,5625.75406802655,2476.38733921347,3149.36672881308,12839.5526726264,6247.90762542613,6591.6450472003,11648.3899954345,5565.70385604096,6082.68613939356,5660.53314913487,2537.52179113769,3123.01135799718,27550.353353796,13148.3608877623,14401.9924660337,25130.68010368,11861.3847612245,13269.2953424555,10657.1444823113,4987.75392690855,5669.39055540274,14128.2302218372,6094.49601441739,8033.73420741977,11951.3266342874,5222.86718744657,6728.4594468408,4605.6677725358,2425.84507745894,2179.82269507687,2177934,908.226095053147,908.226095053147,1126.19168394639,1162.52206219767,1235.18281870024,2615.70383102004,3814.57295208343,6212.29451359579,4868.12056014171,6539.26791785732,6938.88539800697,75847,76638.1766381766,19088.3190883191,44159.5441595442,58689.4586894587,78062.6780626781,81766.3817663818,17378.9173789174,56125.3561253561,100000,65527.0655270655,67521.3675213675,5773552,25141638381,5034331,87.2,5191942757,20.65,2511.4,4822869,83.53,4767985793,18.96,2619.8,211462,3.66,423956964,1.69,1291.8,739221,12.8,19949695624,79.35,96,37031.1642251529,149.508347229675,23.2527765299751,2726.79672319338,2034.35105654178,840.235910593908,2914.15338458841,1563.00693429823,282.35276063335,879.652202516671,1683.29084502825,813.930581621332,4372.58954695952,35.0292903249267,1663.82456797626,3141.827091086,4972.3910810089,522.887220864513,1686.32671685641,1723.70797381744,5002.04921348401
"Massachusetts",6784240,6811779,7.19342186527191,36,4,131,29,"Dem","Dem","Dem",10326.6393877575,5162.87749254154,5163.76189521597,1052.73398346757,650.271806421943,402.462177045623,2838.53460372864,1588.74096435268,1249.79363937597,4648.31727651144,2130.43760244331,2517.87967406813,1787.05352404986,793.427119323609,993.626404726248,13881.8202186243,6886.22454394302,6995.59567468132,12987.8512552622,6337.32002405575,6650.53123120644,7063.38513967666,3213.88983880287,3849.49530087379,12361.0455998019,6063.22889520418,6297.81670459771,11357.8971262809,5542.35994009646,5815.53718618445,5711.78201242881,2621.28108675401,3090.5009256748,27741.3387498084,13420.5452637289,14320.7934860795,25266.9569472778,12104.1413629235,13162.8155843543,11051.0683584307,5251.21457967289,5799.85377875783,15391.9377852199,6611.20479228329,8780.73299293657,12992.6122896596,5616.07490301051,7376.53738664906,4941.74734384397,2555.03932643892,2386.70801740504,2559951,1094.2714290768,1169.74045729514,1848.94697121564,1547.07085834228,1433.88205605934,2867.76411211868,3848.84673891254,5924.2007947832,4565.78776694221,6490.20376637619,6905.28342157707,70628,91025.641025641,89487.1794871795,52564.1025641026,83333.3333333333,68205.1282051282,70512.8205128205,82564.1025641026,60000,100000,88205.1282051282,89230.7692307692,6547629,20202057805,6021989,91.97,7735338848,38.29,2016.3,5912700,90.3,7498364724,37.12,2042.3,109289,1.67,236974124,1.17,1194.5,525640,8.03,12466718957,61.71,109.2,34384.0430173461,91.7272973833473,7.23736188578234,2031.62034361992,3958.63059089891,967.536525830454,2921.12307347617,1076.42123509782,296.879237762815,975.422449677488,2461.6611440633,658.983172765114,3824.56988549933,45.6941381790739,1212.32444606912,3499.69930309069,5335.95509592821,422.449677487825,1659.78797919885,1300.55835288846,1635.7617065434
"Michigan",9917715,9928300,21.949880644219,12,26,51,59,"Rep","Rep","Rep",9945.88975383947,5069.01035167879,4876.87940216068,1292.82803549003,776.993490940201,515.834544549828,2872.7988251326,1611.2380724794,1261.56075265321,4814.82881893662,2259.8955505376,2554.93326839902,965.434074280215,420.883237721592,544.550836558623,12316.929857331,6199.28078191398,6117.64907541707,11233.2124889655,5588.16219260182,5645.05029636363,3890.52316990355,1741.70159154604,2148.82157835751,11851.5908150214,5880.63883666752,5970.95197835388,10814.1744343329,5306.97847235981,5507.1959619731,3814.1043577074,1748.01352932606,2066.09082838134,27836.4623302848,13631.4463563432,14205.0159739416,25505.5826871411,12337.6604389217,13167.9222482195,7445.47509179282,3577.87050747072,3867.60458432209,15836.7224708514,7011.87723180188,8824.84523904952,13604.7365749066,6040.73619780363,7564.00037710299,3709.81622278922,1998.19212389144,1711.62409889778,3858532,1439.49488365011,1556.21531774204,1984.17679878883,2100.88714991306,2178.69741165178,4123.9741210551,5602.37917705842,7275.31492889239,4668.64595322612,4746.45621496484,3229.15106957601,51084,68281.9383259912,2202.64317180617,62775.3303964758,89647.577092511,51321.5859030837,53964.7577092511,109251.101321586,68722.4669603524,100000,91629.9559471366,92070.4845814978,9883640,146435075220,7369957,74.57,9384151623,6.41,2034.1,6560163,66.37,7875668905,5.38,2157.4,809794,8.19,1508482718,1.03,1390.4,2513683,25.43,137050923597,93.59,47.5,30025.4645349256,294.886473345927,66.1845999809432,1557.5160205753,7058.57145521927,913.416043917374,2748.49599933049,1172.35673741381,329.420637717458,455.215742739129,1413.91439459593,467.617793009781,1817.24318555232,26.840860016647,1055.2329846139,2090.26978492526,4375.27192503515,364.872352149663,1367.93606188522,1161.70912352291,1288.49235937915
"Minnesota",5482435,5519952,26.2547572877445,39,28,73,61,"Dem","Dem","Dem",9225.11621204811,4682.37197522634,4542.74423682178,1213.62131972381,688.380254394261,525.241065329548,2535.29681610452,1457.94706184387,1077.34975426065,4289.31669960519,2052.15383310518,2237.16286650001,1186.88137661459,483.890825883025,702.990550731564,13601.8210886221,6881.66845571356,6720.15263290855,12701.8377782865,6365.20086421453,6336.63691407194,5537.64887317406,2528.93103155806,3008.717841616,12329.1384211578,6236.11588646286,6093.02253469489,11467.5869390152,5766.47055551046,5701.11638350477,4932.29741893885,2227.84219055949,2704.45522837936,26891.8646550301,13399.1921472849,13492.6725077452,25368.1074194222,12543.8058089152,12824.301610507,9011.52498844036,4334.53383396246,4676.99115447789,14682.4905356835,6587.43788116047,8095.05265452304,13092.1023231466,5853.01968924392,7239.08263390264,3938.90670842427,2073.05695370761,1865.84975471665,2147262,861.642682494184,1057.48631766724,1566.63964096246,1644.98074304575,1840.80613814847,3329.12291709797,5052.42652215667,7402.40422367069,5483.25698343893,6227.41537291368,4739.09859396418,63488,36111.1111111111,52160.4938271605,42901.2345679012,87037.037037037,8950.61728395062,12654.3209876543,41358.024691358,45679.012345679,100000,89506.1728395062,90740.7407407407,5303925,206232309199,3886311,73.27,4416575848,2.14,2279,3076032,58,3182448693,1.54,2503.4,810279,15.28,1234127155,0.6,1700.5,1417614,26.73,201815733351,97.86,18.2,35656.4555712927,781.02157161918,94.8483657352983,2229.08251534218,6182.38063925975,1286.01615887831,3258.2602438515,1508.92805842659,333.008964082566,670.085463849549,2629.34261874514,575.893740646264,2577.66849948973,75.8422124475712,1127.25458669369,2526.45038199267,5160.59013923558,481.720257513313,1356.25866973343,1366.43662897964,1435.36585477074
"Mississippi",2989390,2988726,31.4069160795157,20,32,57,65,"Rep","Rep","Rep",10436.5439102961,5240.29986050666,5196.24404978942,1644.41575037048,995.688083522056,648.727666848421,3014.36078932491,1630.26570638157,1384.09508294334,5133.65603016,2340.87890840606,2792.77712175394,644.111340440692,273.46716219697,370.644178243722,12508.2709181472,6186.88093557549,6321.3899825717,10939.3555206915,5240.03224738157,5699.32327330994,2890.89078373849,1173.98532811042,1716.90545562807,12895.1725937399,6256.46034809777,6638.71224564209,11133.6091978631,5143.59116742881,5990.0180304343,2867.47463529349,1182.71620631634,1684.75842897715,25154.5633055573,12061.6915156604,13092.8717898969,21125.3131909854,9783.83549821201,11341.4776927734,4947.96597299115,2080.99311230719,2866.97286068395,14750.8689063655,6355.34339781695,8395.52550854857,11312.1071522953,4881.89898273561,6430.20816955968,2895.07223881795,1451.13217077732,1443.94006804064,1104371,2031.85265221333,2216.57261180375,2549.04846808212,2733.76842767254,2549.04846808212,4285.38932691954,5282.85034739529,6132.52201954245,3989.844081903,3472.61481439357,1699.37679593496,40593,252147.239263804,281595.09202454,6748.46625766871,36196.3190184049,137423.312883436,164417.17791411,280368.098159509,21472.3926380368,100000,40490.7975460123,43558.282208589,2967297,121530715928,1464224,49.35,2864191371,2.36,1324,819522,27.62,1581129734,1.3,1342.4,644702,21.73,1283061637,1.06,1301.4,1503073,50.65,118666524557,97.64,32.8,29386.2962008972,526.762985090604,352.045066050264,2128.79550677563,4662.92454313422,901.923134820147,2927.21926546888,1500.30608251182,396.401941533222,330.468757840228,1208.3401630433,343.715607531971,949.156851397777,24.5869558672505,873.087820592161,2789.66611917481,4499.94814995701,626.281615981856,1324.45080768986,1124.10893192257,1896.1058945136
"Missouri",6076204,6093000,36.5050057442967,9,24,52,108,"Rep","Dem","Divided",9774.09580060182,4984.08216708985,4790.01363351198,1351.07379541569,777.969271604442,573.104523811248,2940.52010103677,1660.64207192517,1279.8780291116,4550.47263060951,2170.0884302107,2380.3842003988,932.029273539861,375.382393349532,556.646880190329,13103.723969768,6543.7730530443,6559.95091672367,11949.0063203935,5874.34194111982,6074.66437927364,4278.93796850797,1857.49194727498,2421.44602123299,12075.6972609873,6008.30716019409,6067.39010079319,10959.4904976857,5358.13149130609,5601.35900637964,4015.73087407862,1765.59246529577,2250.13840878285,26600.6704185705,12997.8519483546,13602.8184702159,23876.1898053456,11471.6194518815,12404.5703534641,7090.21619418966,3216.59707277767,3873.61912141199,15650.3632860253,6847.2190861268,8803.14419989849,13180.1861820308,5819.40632671319,7360.77985531756,3390.98226458493,1838.79606412161,1552.18620046332,2374180,1250.33655881205,1484.77569219203,2188.10954997561,2109.95220041987,2266.25044188773,4337.13219635154,5743.78345427507,7306.71649602285,4688.79912524333,4688.79912524333,2969.56784202769,50238,138150.289017341,109248.554913295,46820.8092485549,86127.1676300578,131502.89017341,139884.393063584,105780.346820809,52890.1734104046,100000,87283.2369942197,88728.323699422,5988927,178039716301,4218371,70.44,5320506862,2.99,2053.5,3390061,56.61,3899820503,2.19,2251.4,828310,13.83,1420686359,0.8,1510.1,1770556,29.56,172719209439,97.01,26.6,33522.7224102417,577.646833450622,62.4896728286279,2229.94488005998,4755.38675133356,1062.96628618789,3314.52005232214,1645.73144680462,387.873744857809,720.581468298299,2052.87709234252,594.367799369475,2126.57442047699,53.9975287202339,1231.04820048833,2742.89671643678,4963.04929854231,463.068718561786,1465.73419852263,1327.81914497933,1744.14815565771
"Montana",1032073,1042520,103.810958063155,21,29,38,61,"Rep","Dem","Divided",9727.31580033583,5179.28479865281,4548.03100168302,1571.59425738296,881.526791225039,690.067466157917,3454.213025629,1912.94608036447,1541.26694526453,4119.96050666959,2202.65426961077,1917.30623705881,581.548010654285,182.157657452525,399.39035320176,12465.8817738668,6357.59292220608,6108.28885166069,11699.7537964853,5929.90999667659,5769.84379980873,4103.77948071503,1710.82859448896,2392.95088622607,11494.6326471093,5886.50221447514,5608.13043263413,10944.7684417672,5587.49235761424,5357.27608415296,4193.21113913454,1822.25482112215,2370.95631801239,27140.3282519744,13426.8603092998,13713.4679426746,25586.1746213688,12536.0318504602,13050.1427709086,7624.07310335606,3668.53895024867,3955.53415310739,17337.0488327861,8253.97040713205,9083.078425654,15791.5186231982,7523.88639175717,8267.63223144099,5024.54768218915,2870.63027518402,2153.91740700512,414804,1286.05244008902,1607.63821938952,2250.71288561952,2210.50255166059,2652.62244046691,4461.21543728012,5787.47821132807,7917.65698744178,4742.49399025069,4621.95988074487,2692.73588205485,49509,21956.5217391304,54565.2173913043,66956.5217391304,95434.7826086957,81086.9565217391,81086.9565217391,54565.2173913043,67608.6956521739,100000,96086.9565217391,97826.0869565217,989415,376961878670,553014,55.89,769702271,0.2,1860.8,262137,26.49,334839591,0.09,2027.6,290877,29.4,434862680,0.12,1732.4,436401,44.11,376192176399,99.8,3,32283.6659809917,1912.55851088053,686.676233173429,3133.88684715132,1576.14819881927,897.901601921569,3294.4375058741,1256.88783642242,442.02299643533,668.072897944235,1507.83907727457,533.489394645534,1845.50899015864,5.71664988813776,613.716277821433,2603.30422363534,4657.81005800946,482.911576991162,1830.97513451083,1648.42990757437,2685.37206185997
"Nebraska",1893765,1907116,35.9530656062173,NA,NA,NA,NA,"N/A","Rep","N/A",10190.1239066093,5206.50661512912,4983.6172914802,1192.54500954448,715.822712955409,476.72229658907,2667.70164196719,1514.7602791265,1152.94136284069,5055.53751389428,2463.29402011337,2592.24349378091,1274.33974120337,512.629602933838,761.710138269532,13341.2540626741,6813.30576919523,6527.94829347886,12277.1832830367,6159.89840344499,6117.28487959171,4631.09203095421,2100.8414454803,2530.25058547391,12274.2790156118,6282.03604987947,5992.24296573228,11010.7114663118,5610.1997871964,5400.51167911541,4432.49294395028,1976.32758024359,2456.16536370669,24754.6026038078,12262.9787750856,12491.6238287221,22924.7557115059,11254.9339543185,11669.8217571874,7245.30234744015,3444.56677570871,3800.73557173144,14716.2398713674,6510.04744516875,8206.1924261986,13032.1343989355,5776.42949362777,7255.70490530768,3349.7292430687,1816.17043297347,1533.55881009523,744159,1021.6684752332,1218.10256288399,1925.42369301365,1886.13687548349,2161.19740305687,4008.10026587248,5540.60297872228,7583.93992918868,5186.91601122631,5462.02934366196,3261.49231821266,54996,83333.3333333333,544871.794871795,552564.102564103,48717.9487179487,215384.615384615,215384.615384615,512820.512820513,561538.461538462,100000,71794.8717948718,74358.9743589744,1826341,198973681461,1335686,73.13,1357102386,0.68,2549.1,982197,53.78,944821650,0.47,2692.4,353489,19.36,412280736,0.21,2220.7,490655,26.87,197616579075,99.32,6.4,36990.3868748234,1818.96909067387,83.2732678024993,2812.91501321442,4671.17092141844,1381.11117271678,3678.59792529696,2035.83866002382,522.081673280476,640.945418254113,2671.45078718848,507.929970191655,1969.09331411236,53.3329108944352,1209.75939464506,3112.68821633096,4929.12267361579,365.092817746658,1463.16992868703,1357.66581386814,1706.17790486148
"Nevada",2883758,2940058,21.1220322864379,11,10,27,15,"Dem","Rep","Divided",8812.21655908714,4498.43572172145,4313.78083736569,1641.29583689061,986.906668312667,654.389168577946,3079.17654671439,1693.58871306122,1385.58783365317,3649.23131552648,1677.98407494665,1971.24724057983,442.512859955655,139.956265400911,302.556594554744,14283.7921906068,7249.94954500343,7033.84264560341,12464.4994482893,6261.37838195854,6203.12106633081,3071.54761252505,1356.21643702419,1715.33117550086,13458.896342897,6799.28759625461,6659.6087466424,11304.6587126936,5701.72670522284,5602.93200747081,3351.00934267022,1552.45343055832,1798.5559121119,25869.819866993,12934.3377634323,12935.4821035607,22076.5057262086,10893.6325447558,11182.8731814528,6011.39207936311,2991.7558962992,3019.6361830639,14637.566675151,6916.80785974413,7720.75881540684,12578.309275605,6057.78987002377,6520.51940558119,3645.10475566951,2067.99599689017,1577.10875877934,1042065,1264.73858069921,1084.03687133248,1662.20605196414,1734.50754189499,1987.44138724539,4011.050857943,5384.1896580781,6901.89676110131,4733.75366448918,4480.81981913878,2926.97930963694,52431,254248.366013072,92810.4575163399,11111.1111111111,22222.2222222222,75816.9934640523,84313.7254901961,84313.7254901961,14379.0849673203,100000,62745.0980392157,66666.6666666667,2700551,284331937541,2543797,94.2,1987575459,0.7,3314.8,2336222,86.51,1565145978,0.55,3866,207575,7.69,422429481,0.15,1272.7,156754,5.8,282344362082,99.3,1.4,31553.1677762142,156.462504828769,492.482378895871,2034.98351803445,1689.28876833632,815.082264184443,3258.35246924326,1511.25718593585,342.712529969574,465.12224673499,1181.79125987687,979.763211753552,1724.06977284502,101.984979322121,1785.10124635978,1834.23851793389,2781.23198964684,2517.13215880112,5017.37663146491,1195.90478812716,1668.82935391943
"New Hampshire",1330111,1334795,37.215452560131,11,13,220,179,"Split","Dem","Divided",9778.3568439025,4991.16239171017,4787.19445219234,1084.64631899142,593.258758103647,491.387560887776,3109.74046526944,1831.50128072018,1278.23918454926,4389.33292033522,2043.51366164177,2345.81925869345,1194.63713930642,522.888691244565,671.748448061853,11676.8450151905,5975.74187417441,5701.10314101605,11066.4448305442,5649.07740782536,5417.36742271886,4757.27213743815,2104.48601658057,2652.78612085758,11759.4696983936,5820.04058307916,5939.42911531444,11056.8967552332,5327.8260235424,5729.07073169081,4660.66365889764,2142.52795443388,2518.13570446376,30608.5732694489,15052.5031369562,15556.0701324927,28775.042082954,13972.8188098587,14802.2232730953,10601.5964081193,5138.81924140166,5462.77716671766,16416.4494542185,7473.66197257221,8942.78748164627,14703.1337986078,6669.29301389132,8033.84078471646,5114.68591719037,2839.61263383282,2275.07328335755,517615,661.523737492585,895.038083287786,1323.04747498517,1517.61770258272,1712.26311187563,2918.62859565856,4630.89170753418,6926.86550220245,5681.55590022186,6771.23939280256,5876.12612781941,70303,1112500,712500,2381250,3081250,1112500,1275000,537500,2462500,100000,3125000,25000,1316470,23187259277,793872,60.3,1668054122,7.19,1232.6,623168,47.34,1344142228,5.8,1200.8,170704,12.97,323911894,1.4,1364.9,522598,39.7,21519205155,92.81,62.9,36433.6510261174,259.527212390545,25.0355045556348,2549.56165312519,5950.40564283733,1332.7459136869,3679.16662594325,1294.02734057534,452.668987776208,834.81754530261,2085.01395748174,679.717707770254,2955.24208129998,34.8843066480918,1193.8853223528,2927.27449062522,5372.78467736903,319.221478508185,1529.27086536387,1329.88900926314,1628.51070324206
"New Jersey",8935421,8944469,3.68663584165812,24,16,48,32,"Dem","Rep","Divided",8872.15051199043,4571.31230861982,4300.83820337061,1031.78126693751,605.444332169687,426.336934767819,2413.74189307924,1342.5444643291,1071.19742875014,4075.25286161671,2018.94236432732,2056.31049728938,1351.37449035697,604.381147793708,746.993342563266,12892.2856572735,6516.35776310931,6375.92789416414,11864.3766197474,5899.35269977766,5965.02391996975,5629.23671979194,2534.28461848636,3094.95210130558,13081.6108160992,6452.41002074776,6629.20079535144,11838.7370891646,5738.82305041923,6099.91403874535,5666.28030173396,2563.6285072634,3102.65179447057,28007.1414654105,13565.1023046368,14442.0391607737,25397.2924163282,12198.5522562395,13198.7401600887,10423.2693680578,5090.38130380203,5332.88806425573,15029.5212726966,6412.87075337581,8616.6505193208,12358.6454404331,5346.85494953176,7011.79049090132,4223.72935757588,2275.78532673502,1947.94403084085,3187963,1070.32449842039,963.301001709936,1284.39387467026,1427.10679217017,1498.46325092013,2747.19008762989,3746.16931871481,5565.73663400975,4352.68802667496,6065.22065384496,6957.16519680494,72222,10232.5581395349,114418.604651163,62093.023255814,73953.488372093,98604.6511627907,99069.7674418605,113720.930232558,65813.9534883721,100000,89069.7674418605,89534.8837209302,8791894,19047341691,8324126,94.68,7561624746,39.7,2851.2,8109908,92.24,7178066812,37.69,2926.2,214218,2.44,383557934,2.01,1446.5,467768,5.32,11485716945,60.3,105.5,34380.372228684,89.9006325499381,14.1011822498347,2150.50863300118,3359.89764779969,1416.64281962764,3231.58808074068,1845.15088880535,350.011487986968,1086.67515498151,2756.10964497364,757.524463592706,3471.06196786923,53.2935157727879,1396.43112506954,2707.23673792203,4570.11482727003,508.750511027964,1590.78122899861,1361.56986895189,1663.0218094928
"New Mexico",2080328,2081015,33.200946012723,25,17,37,33,"Dem","Rep","Divided",10005.3933802746,5131.25814775362,4874.13523252103,1809.42620586754,1074.83050749689,734.595698370642,2988.61525682489,1705.45221715037,1283.16303967451,4741.60805411454,2172.39781419084,2569.2102399237,465.743863467684,178.577608915517,287.166254552167,13095.3388119566,6837.62368241931,6257.71512953727,11115.1703000681,5623.44014982253,5491.73015024554,2840.56168065805,1272.25129883365,1568.3103818244,11857.3609546187,6028.03980910703,5829.32114551167,9985.68494968101,5067.18171365285,4918.50323602816,2915.59792494261,1142.46407297311,1773.1338519695,25373.6910717925,12271.1418583993,13102.5492133933,21886.6447983203,10392.4957987394,11494.1489995808,7005.09727312232,3162.14558473472,3842.9516883876,15891.4363504217,7197.95147688249,8693.48487353917,13058.4696259436,5971.31798447168,7087.15164147192,4758.19197741895,2459.80441545756,2298.38756196138,761797,1684.44591429813,1904.17088074573,2343.62081364093,2343.62081364093,2343.62081364093,4137.95324583431,5016.80504228179,6261.84909302764,4028.06672793906,4028.06672793906,2526.66887144719,45382,457777.777777778,396666.666666667,496666.666666667,475555.555555556,297777.777777778,308888.888888889,348888.888888889,513333.333333333,100000,53333.3333333333,57777.7777777778,2059179,314160748240,1594361,77.43,2141181968,0.68,1928.5,1106721,53.75,1267853668,0.4,2260.8,487640,23.68,873328300,0.28,1446.2,464818,22.57,312019566272,99.32,3.9,29035.8539614907,507.852607857992,930.430201391319,2310.74138308959,1258.31118938937,870.824216181294,3097.82880391938,981.575982248953,445.891224845313,472.425502132356,988.642175656916,522.273410731385,2414.09047034891,2.8360912317673,1187.8896020243,2925.83669498271,3885.82954226449,653.743063593818,1808.36868032349,1231.34428801612,2539.11883126122
"New York",19747183,19745289,8.41339926703529,32,29,100,40,"Dem","Dem","Dem",9830.01474184951,4936.27369534176,4893.74104650775,1170.07068805713,675.828040890693,494.242647166434,2573.64809957957,1434.71603012946,1138.93206945011,4537.87256643137,2180.94398578268,2356.92858064869,1548.42338778144,644.785638538925,903.637749242512,14561.9757511742,7253.2674660482,7308.70828512603,13077.7843097924,6402.34103264248,6675.44327714996,6420.01950354134,2829.20353753748,3590.81596600386,12653.8149770527,6210.64786810352,6443.16710894916,11085.3026479777,5372.00166727578,5713.30098070191,5020.30593426921,2272.0455874643,2748.26034680491,26862.9404001573,12974.8177246344,13888.1226755229,23338.1237212417,11155.3885939073,12182.7351273344,8711.12603757204,4044.76932228764,4666.3567152844,15001.8714061646,6389.68606307036,8612.18534309425,11877.4156293584,5168.12955042752,6709.28607893085,4046.74935154042,2054.53608243768,1992.21326910274,7233694,1355.36293961524,1501.89016833439,1831.57263494241,1758.31155258955,1721.6784794064,3150.30756538793,4175.99310240858,5970.93772818128,4322.5152671143,5384.8338773181,5494.7280328541,60850,215909.090909091,259090.909090909,503409.090909091,552272.727272727,48863.6363636364,61363.6363636364,240909.090909091,526136.363636364,100000,31818.1818181818,37500,19378102,122056806947,17028105,87.87,10597911232,8.68,4161.4,16018144,82.66,9059207000,7.42,4579.5,1009961,5.21,1538704232,1.26,1700,2349997,12.13,111458895715,91.32,54.6,33469.3561101854,160.762170482747,24.4693129141508,1970.40762725499,2468.40270837618,970.244717942807,2912.49643050353,1770.41960871077,271.967905498217,1076.93335297495,2304.36918521492,827.140762305185,2970.70220091645,27.1279199671163,1107.1148730429,3198.0713400995,5581.29734251209,592.438931669393,1894.72594648057,1475.81556316159,1864.44821015737
"North Carolina",10035186,10146788,23.6273455862749,17,33,43,77,"Rep","Rep","Rep",9886.2940856303,5209.71908243654,4676.57500319376,1407.69687776589,821.629016143796,586.067861622097,3047.78605996939,1806.6431454285,1241.1429145409,4494.43587791995,2198.83318555331,2295.60269236664,936.375269975066,382.613735310935,553.761534664131,12935.7841498902,6337.49090450341,6598.29324538678,11391.8267185083,5432.98350424197,5958.84321426628,4149.41985131118,1731.67692158372,2417.74292972746,13082.8267657421,6390.23531801005,6692.59144773201,11458.1633065894,5436.29186344927,6021.87144314017,4336.97990251501,1879.64627661112,2457.33362590389,26268.4020007203,12610.5285940888,13657.8734066314,23222.8580516594,10871.8263916583,12351.0316600011,7676.92796127546,3517.64282196663,4159.28513930883,15102.3110084855,6565.68797030767,8536.62303817787,12254.1724687515,5351.94863353803,6902.22383521342,3677.43059271647,1935.61932982607,1741.81126289039,3843745,1340.59298950712,1493.80390159186,2336.45893558924,2298.15371633371,2259.84849707818,4404.80126626452,5630.48856294243,6817.87064036481,4366.49604700899,4289.89557343531,3025.90305750187,47830,91982.1826280624,22939.8663697105,62138.0846325167,81737.1937639198,27616.9265033408,30289.5322939866,21603.5634743875,68151.4476614699,100000,88418.7082405345,88864.1425389755,9535483,125919791207,6301756,66.09,11937724456,9.48,1367.2,5232799,54.88,9285141220,7.37,1459.6,1068957,11.21,2652583236,2.11,1043.7,3233727,33.91,113982066751,90.52,73.5,31780.3476686929,324.418501062163,41.4641044022502,2404.45966821143,4875.32567906564,972.97648494009,3103.39041050161,1207.27209241563,338.55874719213,655.633089411596,1827.38018009831,585.390245880844,2158.31575020134,21.125667227294,1253.11080432391,2491.58311564928,4572.77025059625,388.692347107468,1526.87752872742,1308.57564573292,1723.02735594537
"North Dakota",756835,757952,54.4449604548397,14,33,23,71,"Rep","Rep","Rep",12366.8963512523,6532.86383425714,5834.03251699512,1271.61138160894,773.616442157141,497.994939451796,3249.05692786407,1944.94176405689,1304.11516380717,6231.6092675418,3099.48667807382,3132.12258946798,1614.61877423745,714.81894996928,899.799824268169,15075.9412553595,8362.72106866094,6713.22018669855,14295.8504826019,7803.68244069051,6492.16804191138,5370.52329768047,2398.80555206881,2971.71774561166,11434.4606155899,6159.20246817338,5275.25814741654,11059.0815699591,5923.21972424637,5135.86184571274,3687.06521236465,1685.17576486288,2001.88944750177,24314.4146346297,12356.1938863821,11958.2207482476,22967.2253529501,11534.0860293195,11433.1393236306,7076.70760469587,3317.2355929628,3759.47201173307,14184.9940872185,6367.57021015149,7817.423877067,11803.1010722284,5233.24106311151,6569.86000911692,2813.42696889018,1422.76718175032,1390.65978713987,313475,994.007940964675,1325.38796435154,2070.86088777607,1698.12442606381,1946.65944360396,3893.31888720791,5757.26545416108,7082.65341851262,5550.08687494632,6585.58338343232,4556.07893398165,60557,30370.3703703704,6419.75308641975,60000,92592.5925925926,246.913580246914,19012.3456790123,246.913580246914,57037.037037037,100000,94814.8148148148,95802.4691358025,672591,178711239147,402872,59.9,475973352,0.27,2192.2,269056,40,290454982,0.16,2399.2,133816,19.9,185518370,0.1,1868.2,269719,40.1,178235265795,99.73,3.9,36773.8014230314,2428.79887954442,1631.53131131621,3164.49424247029,3016.90593061896,1771.72038819558,3909.96716589481,1574.84788626319,724.33225207608,446.59668223589,1753.48655915754,514.775347334624,1577.22621178989,21.2728005443723,873.638243474469,2589.4679817926,5456.80366262131,406.693665065701,1307.02200611758,1572.20530234463,2032.0149041733
"Ohio",11605090,11614373,21.2610128272386,10,23,39,60,"Rep","Rep","Rep",9367.82911636187,4748.40781071065,4619.42130565123,1287.51263454226,721.683330331777,565.82930421048,3061.29465605178,1724.631174769,1336.66348128278,4105.97418891193,1919.22682202378,2186.74736688815,913.047636855897,382.866483586082,530.181153269815,12807.8541398645,6407.30920656367,6400.54493330082,11781.2787320047,5840.61821149168,5940.66052051298,4104.93154296951,1850.54144345283,2254.39009951668,12070.6603740255,5993.00824034971,6077.65213367583,11039.242263524,5393.23693310435,5646.00533041967,3847.96671115864,1719.8918750307,2128.07483612794,27313.3771474413,13348.565155462,13964.8119919794,24915.3690320368,12110.2033676602,12805.1656643766,7068.61385822945,3418.37073215287,3650.24312607658,15851.2687105399,6884.56530711955,8966.7034034204,13299.3626072697,5805.34920453008,7494.01340273966,3204.24916997628,1712.17112491157,1492.07804506471,4606655,1429.01950781941,1627.49276395099,2103.83547219367,2183.23166817319,2183.23166817319,4247.37765928571,5597.00958803422,7343.59664595449,4842.79742768044,4922.19362365996,3175.60656573969,51075,26415.0943396226,5241.09014675052,69182.3899371069,92452.8301886792,37735.8490566038,44863.7316561845,1886.79245283019,74004.1928721174,100000,93920.3354297694,94968.5534591195,11536504,105828706692,8989694,77.92,11448575862,10.82,2033.7,7534686,65.31,9282948899,8.77,2102.2,1455008,12.61,2165626963,2.05,1740.1,2546810,22.08,94380130830,89.18,69.9,32619.5488358987,261.626579371638,117.319210794574,1701.9170036596,6326.09484286636,1071.1334423085,3148.15309489198,1532.48272956091,346.684084311281,574.377277556658,2033.58181625476,521.745199735633,1975.49523528038,54.3554595440449,1111.79663406316,2453.81983250453,4923.08978215593,347.976620603546,1363.08292309668,1204.85924710623,1549.95782023233
"Oklahoma",3907414,3923561,39.0036839833339,12,36,29,72,"Rep","Rep","Rep",10041.8844790954,5218.89925152543,4822.98522756995,1695.59713918208,955.414501765106,740.182637416972,3255.27318067653,1857.16179549953,1398.111385177,4328.66852603794,2098.1651803469,2230.50334569104,762.345633198837,308.157773913898,454.187859284939,13716.3607439601,6942.13615450014,6774.22458945993,12188.7775393137,6087.9138990647,6100.86364024902,3477.90124107658,1547.9035495087,1929.99769156788,12268.5489687041,6178.89478821543,6089.65418048868,10770.0898855355,5353.38717627566,5416.70270925988,3266.40586331523,1458.33024092149,1808.07562239374,24734.8758027688,12102.2241308446,12632.6516719242,21744.9187621276,10479.8211809652,11265.0975811624,6047.65709494822,2851.16959707878,3196.48749786944,14742.0007196576,6551.23823582554,8190.76248383202,12449.2311283115,5616.80948064372,6832.42164766774,3331.33371585402,1824.48033405214,1506.85338180188,1465951,1350.61193925189,1575.69686754462,2138.47316921115,2175.99158932225,2288.54684965555,4089.35423786678,5552.52143745198,7090.72547725938,4351.98317864449,4201.90949820009,2701.22387850379,48568,92916.6666666667,59166.6666666667,31666.6666666667,60000,177083.333333333,182083.333333333,52500,34583.3333333333,100000,72500,81666.6666666667,3751351,177660021556,2485029,66.24,3384365635,1.9,1901.7,1717572,45.79,2169231644,1.22,2050.7,767457,20.46,1215133991,0.68,1635.8,1266322,33.76,174275655921,98.1,18.8,32786.5949192996,538.309992235274,1371.72564770459,2422.36937268485,3692.82599693813,990.706385348468,3329.03040220463,1415.00235193916,517.784908381861,626.347758389564,1344.67450851126,606.257744892146,1627.3678704125,35.4454378266547,1099.11568111288,2725.30630232681,4413.68639207414,647.89653719826,1520.62207895043,1508.74721746915,2353.37233269881
"Oregon",4024634,4093465,35.3205251134023,16,14,34,26,"Dem","Dem","Dem",9028.49799509719,4570.08016132647,4458.41783377072,1369.21767296107,851.332071438049,517.88560152302,2725.81308014592,1478.99163004636,1246.82145009956,4057.16395577834,1867.87171206127,2189.29224371707,876.303286211864,371.884747780792,504.418538431072,13748.0824343282,6945.02903866538,6803.05339566281,12515.8958553747,6244.99022768282,6270.90562769186,4718.01907949891,2121.83269335796,2596.18638614095,13103.6760112845,6629.07484258196,6474.60116870255,11640.1640496999,5818.491818138,5821.67223156193,4826.67492248985,2226.58756050861,2600.08736198124,26437.1368924479,12939.2386984754,13497.8981939724,23833.1734016062,11595.4891798857,12237.6842217205,8067.81436523172,3921.07704700601,4146.73731822571,16393.4906876004,7490.34570596978,8903.14498163063,14746.3098507839,6789.71056747024,7956.59928331371,4791.19343522914,2569.92312841366,2221.27030681548,1553205,1196.35723397457,1427.9062394245,1891.02909730425,1968.20381679427,2045.37853628429,4090.78191954846,5248.55179377802,7255.36781729718,4862.62850236817,5055.59014807309,3589.09654890358,54148,103529.411764706,164705.882352941,34117.6470588235,78039.2156862745,17647.0588235294,19607.8431372549,157647.058823529,36470.5882352941,100000,90980.3921568627,93333.3333333333,3831074,248607802255,3104382,81.03,2866510400,1.15,2804.9,2393393,62.47,1933314021,0.78,3206.3,710989,18.56,933196379,0.38,1973.3,726692,18.97,245741291855,98.85,7.7,30220.7107528287,1082.284749371,32.7234724946417,1813.35743821674,4388.27480958517,1054.55551983112,3266.30943335469,1122.26353998898,321.246602796677,626.14389283597,1363.00592799246,617.323214980542,2321.90057530697,36.2765906166871,1164.03131315792,1948.30138591484,4252.0388189336,466.949292780412,1510.37336562778,1126.53722052738,1706.81358851513
"Pennsylvania",12791904,12784227,19.9679652121321,23,27,92,111,"Rep","Rep","Rep",9496.28765193985,4831.21980902921,4665.06784291064,1176.52540231697,680.133309318144,496.392092998822,3111.97613740691,1725.48199236017,1386.49414504674,4091.65828636613,1968.6670569135,2122.99122945263,1116.12782584985,456.937450437402,659.190375412448,12888.1595734302,6494.68601390379,6393.4735595264,11868.5381003485,5909.44084633531,5959.09725401316,4877.09257355277,2182.37253813037,2694.7200354224,11740.6681601113,5839.13856764403,5901.52959246724,10751.3236497084,5276.32946588717,5474.99418382127,4186.36662689151,1881.09604324735,2305.27058364415,27861.6693808834,13650.0164479033,14211.6529329801,25441.5370847061,12344.6751945606,13096.8618901455,7888.10641480737,3782.95521917613,4105.15119563124,17051.3552947239,7365.12719294954,9686.22810177437,14310.6843203326,6220.25462354939,8090.42969678322,3694.48519938861,2017.33846658011,1677.1467328085,4956037,1162.30547071022,1433.50825647222,1898.42731777849,2014.65708310506,1937.17057288735,3835.60570811038,5152.88419925603,7128.80584469677,4959.16792371175,5230.37070947374,3990.57872854581,55702,86746.9879518072,4618.47389558233,72690.7630522088,93373.4939759036,49598.3935742972,53012.0481927711,401.606425702811,76706.8273092369,100000,94779.1164658635,95381.5261044177,12702379,115883064314,9991287,78.66,12186542023,10.52,2123.4,8977537,70.68,10468869338,9.03,2221,1013750,7.98,1717672685,1.48,1528.6,2711092,21.34,103696522291,89.48,67.7,33247.0991026824,310.719967879684,232.780045879018,1956.58910510898,5005.77552802147,1129.99597245258,3068.49551091065,1566.09993320775,403.341050714577,601.270928862505,2049.21018794387,460.220777141542,2396.07801934724,31.2697781346702,1192.84040905873,2714.0838455323,5430.98197109672,407.288860204079,1360.18844419095,1308.70275449222,1621.16601250291
"Rhode Island",1055607,1056426,8.57450813718456,32,5,69,6,"Dem","Dem","Dem",10831.68262431,5366.39109062369,5465.29153368631,1052.85395038116,704.713022933724,348.140927447431,3090.25991680616,1633.18356168536,1457.0763551208,5278.66905012945,2471.18482541325,2807.48422471621,1409.89970699323,557.309680591356,852.590026401871,13548.6028417773,6796.37402934994,6752.22881242735,12337.6408076112,6110.60745144737,6227.0333561638,4914.61310885585,2287.02537971044,2627.58772914541,11716.6710717151,5796.28592838054,5920.38514333459,10558.001225835,5112.03506608046,5445.96615975453,4106.35776382688,1742.3150850648,2364.04267876208,27742.2374046402,13351.2756167778,14390.9617878623,24770.0138403781,11779.857465894,12990.1563744841,9373.75367916279,4414.9006211592,4958.85305800359,16154.8758202627,6905.0318916036,9249.84392865906,12966.6627826454,5661.10304308327,7305.55973956217,4229.03599540359,2307.10861144346,1921.92738396013,407484,1505.38978995024,1582.59655345218,2161.69464582937,1775.66082831963,1814.21684395803,3396.90812963537,4670.77236130492,6369.2264261226,5056.80617881465,5713.01630246863,4555.00958216457,58073,96375.2665245203,92324.0938166311,64605.5437100213,91044.776119403,37953.091684435,40938.1663113006,85287.8464818763,71641.7910447761,100000,93816.631130064,95095.9488272921,1052567,2677566454,955043,90.73,1037649938,38.75,2383.8,952101,90.46,1026796770,38.35,2401.6,2942,0.28,10853168,0.41,702.1,97524,9.27,1639916516,61.25,154,32756.0351532341,101.837142042446,3.8840212313863,1724.03176560974,4780.6617424856,1264.58047360429,3345.37379915063,1104.19881641558,211.442326547664,602.781148666123,2009.83888890468,567.73022535849,2133.5591749581,69.6281854894861,937.375367916279,3056.44051242555,5403.99978401053,648.252616740889,1634.03615171176,1254.065196612,1902.31781335289
"South Carolina",4894834,4961119,22.4310953503299,18,28,46,78,"Rep","Rep","Rep",9949.38745624469,5115.31136704534,4834.07608919935,1274.46610038257,713.915936679364,560.550163703202,3359.97094079186,1953.24294960769,1406.72799118417,4453.7567566132,2112.39032825219,2341.366428361,861.193658457059,335.762152506091,525.431505950968,12902.9707646878,6434.47765542202,6468.49310926581,11477.1410021259,5579.33118875941,5897.8098133665,3769.03486410367,1628.79885201418,2140.23601208948,12266.9941411701,5952.72485236476,6314.2692888053,10792.5008284244,5077.43469952199,5715.06612890243,3492.25326129548,1477.21046311274,2015.04279818274,26432.9699434138,12552.8056722659,13880.1642711479,23201.0319451078,10759.1391250449,12441.8928200629,7006.69317897195,3286.26057594599,3720.43260302597,16220.2436282824,7210.64289412062,9009.60073416177,13080.3822969277,5913.09123046869,7167.29106645905,3919.3770411826,2226.06119022627,1693.31585095633,1857768,1518.13115623533,1556.08954256671,2353.11350701576,2201.30039139223,2315.15512068438,4250.80809686294,5541.22979451397,7097.31933708069,4440.55916911585,4061.03659490802,2580.84339530207,47238,37370.2422145329,171280.276816609,38062.2837370242,69204.1522491349,129411.764705882,135294.117647059,169896.193771626,45328.7197231834,100000,75778.5467128028,76124.5674740484,4625364,77856841944,3067809,66.33,6168413106,7.92,1288.1,2580045,55.78,5037540904,6.47,1326.5,487764,10.55,1130872202,1.45,1117.1,1557555,33.67,71688428838,92.08,56.3,31359.7355906247,261.929209448165,43.7399919997287,2150.73687892174,5354.60446666833,970.839869135501,3110.52427927076,1157.56734549119,538.36350732221,675.160791969656,1494.75957713786,591.031279099557,1676.42048739549,24.1274780717793,1454.96251762573,2541.31192191604,4143.79731774356,322.441986796692,1819.75527668558,1343.45720406453,1684.20420386064
"South Dakota",857919,865454,59.6411440315334,7,28,17,53,"Rep","Rep","Rep",9987.07337172857,5173.91501994944,4813.15835177913,1418.89852072282,812.897254869049,606.001265853769,3012.2890389419,1678.13045287492,1334.15858606698,4589.12787803977,2342.64540125583,2246.48247678394,966.757934024075,340.241910949635,626.516023074439,13045.8702977787,6671.14261369663,6374.72768408206,11997.9858238365,6089.73574428355,5908.25007955296,4083.60229811905,1859.26643424379,2224.33586387526,11463.5530860139,5944.38402693028,5519.16905908367,10568.2471189005,5397.9454936888,5170.3016252117,3628.08143892372,1599.5682576094,2028.51318131432,25448.0900877589,12742.5782620504,12705.5118257085,23810.9891493253,11729.1958797975,12081.7932695278,6712.17212813797,3007.04378851617,3705.12833962181,15678.9860114999,7144.03107985719,8534.95493164273,13426.3257953257,6098.94407280874,7327.38172251693,3629.71329461173,2000.07226789475,1629.64102671697,339437,1028.6518890478,1384.74611239523,2176.07955995846,1819.98533661103,2176.07955995846,4193.86911818016,5895.1952340489,7794.32557152831,5618.24601156986,4747.76756313825,2769.49222479045,53017,10023.8663484487,18377.0883054893,61097.8520286396,95704.0572792363,74701.6706443914,74701.6706443914,10023.8663484487,62052.5059665871,100000,96181.38424821,96420.0477326969,814180,196349580075,461247,56.65,586090288,0.3,2038.3,243587,29.92,290234955,0.15,2173.7,217660,26.73,295855333,0.15,1905.4,352933,43.35,195763489787,99.7,4.7,36652.1781193796,2619.12837925259,179.154442319147,2901.2062910368,4569.66217090425,1287.0678933559,3314.53202458507,1321.68654616578,491.77136769322,584.90370303024,2570.17270861235,481.980233565173,1521.70542906731,4.66244482287955,874.791209892775,2668.78341661625,5536.65322716947,671.042371132939,1688.6209537264,1531.14687983364,1833.50642659738
"Tennessee",6595056,6651194,23.0873333920697,7,26,27,71,"Rep","Rep","Rep",9598.28089405154,4853.6661402117,4744.61475383985,1004.51004510045,592.929006213139,411.581038887312,3489.82631838153,1915.44999769524,1574.37632068628,4226.74197156173,2000.36208941971,2226.37988214202,877.202559007839,344.925046883605,532.277512124234,13128.0310584171,6464.64563758064,6663.38542083646,11787.7391791669,5715.0841478829,6072.65503128404,4007.91138088896,1752.97980790459,2254.93157298437,12754.4026919559,6307.80087386673,6446.60181808919,11289.8510641911,5456.89073754643,5832.96032664469,3762.59125017286,1672.57108961622,2090.02016055663,26546.3401675437,12800.48266459,13745.8575029537,23211.4026021917,10961.1199662292,12250.2826359625,6525.75201787521,3017.74541414053,3508.00660373468,15402.1436664071,6797.86494610508,8604.278720302,12083.2484212416,5341.56192153637,6741.68649970523,3157.42580502728,1748.30964285974,1409.11616216754,2530260,1419.53305627731,1649.73580209175,2301.95164377679,2263.58957376556,2378.69094667278,4373.71570461267,5716.52462086751,7097.71077000711,4258.61433170545,4143.52812167175,2762.34197253215,47275,37735.8490566038,125606.469002695,50673.8544474393,80592.9919137466,126954.177897574,129380.053908356,124258.760107817,58221.0242587601,100000,85444.74393531,86522.9110512129,6346105,106797885992,4213245,66.39,7524311791,7.05,1450.3,3450715,54.38,5689184718,5.33,1570.9,762530,12.02,1835127073,1.72,1076.2,2132860,33.61,99273574201,92.95,55.6,32139.4996494344,255.903816434614,63.168531093595,2006.59403043735,5105.58212090997,1050.49904049336,3312.1629293216,1842.09201559471,432.672595956729,648.880009510154,1572.02607529034,551.306918394628,1810.31063269213,52.7667998573477,1309.58706036765,2440.44933052881,4648.13338961792,408.942698894445,1520.30551370602,1469.97993648576,1638.13620384725
"Texas",27429639,27862596,22.7174333169338,12,19,55,95,"Rep","Rep","Rep",10162.2518619366,5230.83442694962,4931.41743498702,1624.8008222055,939.571242625541,685.229579579957,3267.97957494081,1819.12346713714,1448.85610780368,4464.14187222807,2141.09999770686,2323.04187452121,805.329592562264,331.039719480085,474.289873082179,14502.0647191164,7361.97804134425,7140.08667777217,12569.2284903932,6257.25697665945,6311.97151373374,4268.72916555701,1903.00718139236,2365.72198416465,13581.7864755712,6772.74680866197,6809.03966690921,11199.3526418631,5481.80747110817,5717.54517075489,4170.2189372598,1910.07253139569,2260.14640586411,23872.1880371812,11705.7537651152,12166.4342720661,19619.2848181487,9502.53118533569,10116.753632813,6691.14894293724,3307.18898633701,3383.95995660023,11744.6204815164,5206.4520426244,6538.16843889196,9116.35767426615,4124.78997627348,4991.56769799267,2935.6675091495,1633.18955820016,1302.47795094934,9421412,1099.12128263883,1167.8170463709,1614.33404209221,1717.37586484459,1820.41768759698,3469.10143440094,4636.91848077184,6182.56040482341,4121.70572131846,4636.91848077184,3915.61843012225,55653,330000,150000,374615.384615385,371538.461538462,364615.384615385,366153.846153846,139230.769230769,383846.153846154,100000,72307.6923076923,76153.8461538462,25145561,676586997978,21298039,84.7,22651009601,3.35,2435.3,18947957,75.35,18698378243,2.76,2624.6,2350082,9.35,3952631358,0.58,1539.9,3847522,15.3,653935988377,96.65,15.2,33975.532816892,297.616020393123,1025.05176972982,2945.86086240508,3497.7492777065,1214.95948233223,3370.00424978251,1784.31440530442,368.149212609032,663.435636174432,1800.24607688056,711.963434881516,2407.99742205867,51.8198580739615,1472.09739070937,2955.5948585397,3973.88387065539,329.621545511408,1865.72634076591,1524.8614828653,1714.57961951304
"Utah",2990632,3051217,30.3294281156229,5,24,14,61,"Rep","Rep","Rep",11423.5720075222,5783.32606619604,5640.24594132611,1450.86389766444,850.522565130046,600.341332534394,3540.48910063157,2026.12691899237,1514.3621816392,5651.24696050868,2661.37726072616,2989.86969978252,780.972048717462,245.299321347461,535.672727370001,14729.5287417509,7471.46422562187,7258.06451612903,13592.110296419,6801.17112369559,6790.93917272336,4615.41239443703,2271.92780656396,2343.48458787306,13450.5348702214,6855.07277391535,6595.46209630607,12278.5417931728,6260.81711156705,6017.72468160576,4505.50251585618,2418.71952149245,2086.78299436373,19773.245253846,9812.50785787085,9960.73739597517,18071.1301156411,8911.9289835727,9159.20113206841,6352.36966634477,3432.18423396794,2920.18543237684,10293.543304559,4768.18946630679,5525.35383825225,9364.10765349933,4370.44745057232,4993.66020292701,3075.03564463966,1816.23817306844,1258.79747157123,930980,715.969066070316,684.838522426029,1089.53558980175,1089.53558980175,1307.44939531176,2832.81259613353,4233.65362237815,6474.98588927023,4669.48123339816,4793.96997022703,3237.47622576098,62912,120567.375886525,192907.80141844,4964.5390070922,75886.524822695,207801.418439716,236879.432624113,152482.269503546,5673.75886524823,100000,88652.4822695035,93617.0212765957,2763885,212818329473,2503595,90.58,2369045186,1.11,2737.1,2243441,81.17,1950862546,0.92,2978.4,260154,9.41,418182640,0.2,1611.2,260290,9.42,210449284287,98.89,3.2,30793.8255191545,280.007704057203,481.938265891624,2513.84991533562,4372.78809295159,1043.85962565772,3257.7395012158,1287.82143707417,300.404730505124,698.481123722344,1839.44397037148,590.109381562158,2432.02774530601,19.9288979720674,1406.12419047211,2339.33830708693,3019.32835601304,340.162213204433,1269.12973578829,1225.79441402352,2075.54791094324
"Vermont",626088,624594,49.6856091050079,21,7,93,47,"Dem","Dem","Dem",10737.7876592428,5565.1921135687,5172.59554567409,897.477670870549,536.346328311675,361.131342558873,2829.47445087592,1511.60859176346,1317.86585911246,5452.26869066329,2783.79397145449,2668.4747192088,1558.56684683303,733.443222039074,825.123624793959,11297.6131150893,5710.69881550197,5586.91429958728,10343.9133157,5112.859534123,5231.05378157703,4395.2287857298,1892.22601295665,2503.00277277316,11156.7383498805,5486.44918925135,5670.28916062918,10532.0657798904,5037.15132697001,5494.91445292036,4293.96506561378,1886.95518840802,2407.00987720576,30025.4916241806,14625.5797907003,15399.9118334803,28039.8282669529,13394.1235097942,14645.7047571587,10771.1695480508,4693.11023370517,6078.05931434559,17582.8318063914,8032.73661210565,9550.09519428579,15321.967518943,6895.03711938258,8426.93039956044,6426.09345651091,3163.13361699953,3262.95983951138,254865,773.373711043815,1221.07435376497,2157.36445994812,2198.09355873296,2279.55175630263,3745.00070277661,5332.63694560509,7856.40357266071,5780.33758832624,5739.60848954141,3622.8134064221,56990,84594.5945945946,110810.810810811,52162.1621621622,96756.7567567568,117297.297297297,125405.405405405,84594.5945945946,56216.2162162162,100000,97297.2972972973,98108.1081081081,625741,23871030489,243385,38.9,404380140,1.69,1558.8,108740,17.38,159947183,0.67,1760.8,134645,21.52,244432957,1.02,1426.7,382356,61.1,23466650349,98.31,42.2,34536.5188280242,801.963941171209,68.8401630441727,2378.89881294642,5084.10958203959,960.248399586001,3239.32099002057,1008.96359617178,331.902224607403,846.5263669005,1469.44199537445,509.193595788451,2233.39211101315,19.3263566782944,878.79020201633,4061.72934156221,5137.93588121798,553.117133693666,1658.71251325692,1186.09524539681,2108.01037553826
"Virginia",8367587,8411808,20.3880069540341,19,20,33,67,"Rep","Dem","Divided",9893.66468493247,5102.8689632985,4790.79572163397,1007.10037433731,585.99928509856,421.101089238749,3020.21359323781,1729.68622853877,1290.52736469905,4686.22555104596,2321.85216598286,2364.3733850631,1180.12516631139,465.331283678317,714.79388263307,14016.0478761679,7069.55302645793,6946.49484970996,12940.7318979773,6448.84839560079,6491.88350237649,5550.82367234425,2492.41507736938,3058.40859497487,13096.9896100274,6525.33400608802,6571.65560393934,11938.1250532561,5848.71122343873,6089.41382981737,5551.03878812374,2584.06635031103,2966.97243781272,26640.4998239038,12916.8062429467,13723.6935809571,23960.0735552555,11404.064278029,12556.0092772265,9839.75428041561,4781.71305538861,5058.041225027,14190.9967592808,6267.39823559647,7923.59852368431,11579.407540071,5158.47639229804,6420.93114777295,4179.65179208773,2280.00019599438,1899.65159609335,3106895,1039.6426114243,1076.76203426388,1410.94439770988,1448.06382054946,1559.45794169813,3081.79646055667,4455.60948455032,6460.63195996648,4752.64852340346,5940.81662969265,5866.5538822602,66262,73141.4868105516,11270.9832134293,59712.2302158273,78896.8824940048,81294.964028777,86570.7434052758,9592.32613908873,63549.1606714628,100000,82733.8129496403,83932.8537170264,8001024,102278849309,6037094,75.45,6902790588,6.75,2265.2,5584039,69.79,5907724619,5.78,2448.1,453055,5.66,995065969,0.97,1179.2,1963930,24.55,95376058721,93.25,53.3,34794.5829544408,242.065006315441,101.223925129192,2394.34618367278,3030.80206993964,814.165421883274,3060.69121241285,1259.21606790584,305.476357760009,766.433620588588,1836.46731130492,761.211087497507,4212.32548881774,36.127500078577,1283.12977205973,2855.85318682674,4232.72563523988,402.732591845176,1630.45809980822,1671.71252596477,3897.41988938986
"Washington",7160290,7288000,16.4962952799122,25,24,55,43,"Dem","Dem","Dem",9344.13270970869,4870.87813482415,4473.25457488454,1293.96993697183,737.805312354667,556.164624617159,2932.78624189802,1662.60025781079,1270.18598408724,4145.02764552832,2033.67461373771,2111.35303179061,972.348885310511,436.797950920982,535.550934389529,14669.2941207689,7544.52682782401,7124.76729294484,13384.499789813,6805.53441271233,6578.96537710065,5217.83335591156,2442.3731441045,2775.46021180706,12943.1768825006,6558.51927785048,6384.65760465009,11694.3168502952,5859.41351537438,5834.90333492079,4820.41928469378,2283.51086338682,2536.90842130696,26193.8413108966,12976.5554188448,13217.2858920519,23955.6498409981,11754.1468292485,12201.5030117495,8686.29622543221,4287.41014679573,4398.88607863648,14477.4303834063,6614.32707334479,7863.10331006146,12989.3202649613,6027.71675448899,6961.60351047234,4611.00039244221,2569.01605940542,2041.98433303679,2728573,1028.88290837382,1143.2078868314,1448.05587483189,1448.05587483189,1600.49383474692,3315.29868203662,4877.69350124087,6935.4732839033,5258.76745215627,6020.90138807227,5068.23047669857,64129,107124.681933842,47582.6972010178,55216.2849872774,75063.6132315522,88295.165394402,92875.3180661578,33842.2391857506,57760.8142493639,100000,84732.8244274809,86768.4478371501,6724540,172119001610,5651869,84.05,6150546552,3.57,2380,5041475,74.97,5088055314,2.96,2566.3,610394,9.08,1062491238,0.62,1487.9,1072671,15.95,165968455058,96.43,16.7,32366.0494197861,757.636911354149,30.6831147900434,2211.55847039715,4229.74488463456,1135.24731540203,3426.0204544788,1674.97405831328,342.877173969211,782.412444188713,1373.93876505002,697.974523378243,3123.88185394726,44.1602225608181,1102.03637003529,2144.84329545312,3966.78067508439,566.234049179572,1435.38879011884,1250.85715802014,2068.79888943046
"West Virginia",1841053,1831102,48.8594664123936,24,10,53,47,"Dem","Dem","Dem",8926.08740758685,4667.81781947614,4258.26958811072,1031.85513942293,590.694564469355,441.160574953573,3323.85868304715,2034.05333795388,1289.80534509327,3858.66132045085,1791.31181992045,2067.3495005304,711.712264665928,251.758097132456,459.954167533471,11834.2057507307,5896.4625135724,5937.7432371583,10729.294593909,5345.41917044213,5383.8754234669,3099.09600647021,1382.52402293687,1716.57198353334,12516.9671921449,6314.32120639656,6202.64598574837,11451.8158901455,5673.60092295007,5778.2149671954,2688.5700737567,1120.7716453573,1567.7984283994,28009.4054869686,13849.5741295878,14159.8313573808,24464.5319825122,11817.6391445548,12646.8928379574,5181.59987789596,2420.29968718989,2761.30019070608,18270.0335079979,8208.7805185402,10061.2529894577,14093.0760820031,6230.1845737195,7862.89150828357,2849.67352922485,1559.1620664913,1290.51146273356,734536,1595.88018378613,2274.13333565085,2633.22131410665,2872.59519416334,2673.08980241199,4707.90357474771,6223.99246518161,6902.24561704633,4308.89279124501,3790.22222608475,1915.04535719504,42019,140740.740740741,454320.987654321,538271.604938272,85185.1851851852,1234.56790123457,1234.56790123457,398765.432098765,556790.12345679,100000,86419.7530864197,92592.5925925926,1852994,62258675601,902810,48.72,1658489502,2.66,1409.9,615254,33.2,1097015856,1.76,1452.6,287556,15.52,561473646,0.9,1326.4,950184,51.28,60600186099,97.34,40.6,28217.058389954,168.544849061923,1258.41026847136,1767.62972060011,2592.7010249026,782.052444986646,2992.41792604558,1154.33939164163,497.052502019225,443.604828323791,980.797402356152,315.688901949048,1302.84136306777,6.19210853788566,995.191338869658,2472.06354189695,5522.2744809628,333.070259248376,1197.62983466527,1069.55095806585,2365.0052442814
"Wisconsin",5767891,5778708,27.2191754050675,15,18,39,60,"Rep","Rep","Rep",9714.13988232441,4923.79276931551,4790.3471130089,1078.48778695714,612.788972607145,465.698814349994,3053.88919450801,1737.56750951084,1316.32168499717,4500.44912429864,2131.3336191686,2369.11550513004,1081.31377656062,442.102668028921,639.211108531697,12577.4914955917,6410.8007588909,6166.69073670081,11735.086533362,5898.65515835858,5836.43137500345,4222.94734765272,1856.25907285696,2366.68827479576,12078.8516981337,6122.28975894309,5956.5619391906,11084.5194543378,5549.9488461207,5534.57060821711,4049.34836667336,1801.95846280729,2247.38990386608,27671.8648115923,13776.6473048815,13895.2175067109,25673.0753060347,12639.1258087228,13033.9494973119,7569.43915895775,3562.18590122455,4007.2532577332,15616.8519828131,7002.47282758984,8614.37915522329,13634.9317280788,6118.99566063228,7515.93606744649,3445.34943534821,1822.76329424394,1622.58614110426,2319538,1005.3588044573,1166.2148261817,1890.08426130105,1930.28959805239,2211.79630474986,4142.10324016178,5630.04744715183,8002.71711098563,5630.04744715183,5469.19142542742,3176.94977245582,55638,59940.6528189911,66765.5786350148,46290.8011869436,87240.3560830861,5637.9821958457,10979.2284866469,53115.7270029674,50741.8397626113,100000,91691.3946587537,93768.5459940653,5686986,140268064888,3989638,70.15,4866498071,3.47,2123.3,3173382,55.8,3601725983,2.57,2282,816256,14.35,1264772088,0.9,1671.5,1697348,29.85,135401566817,96.53,32.5,34937.3107085415,839.630984704808,58.7563114490201,2116.31946581515,8181.15321527401,1110.00710658367,3307.58677651849,1317.43127600712,371.869024570679,581.130954104368,2122.11014389835,411.398204300324,1808.87606925998,47.4003409565125,1023.9791285931,2437.56340055663,4784.22702509461,371.366241144293,1362.26568775311,1216.614530337,1467.62482162024
"Wyoming",586555,585501,104.725127141827,4,26,8,52,"Rep","Rep","Rep",9864.37759459897,5175.13276674822,4689.24482785076,1526.37007612244,861.300304319288,665.069771803156,3368.31158203408,2049.08320617845,1319.22837585563,4512.10883889831,2089.82959824739,2422.27924065092,457.587097544135,174.919658003086,282.667439541049,14054.9479588444,7087.65588904706,6967.29206979738,12883.020347623,6525.73074988705,6357.28959773593,3747.4746613702,1834.61056507915,1912.86409629106,12298.9318989694,6409.45861854387,5889.47328042554,11641.3635549948,6009.32563868691,5632.03791630793,3466.85306578241,1566.26403321087,1900.58903257154,25849.2383493449,12874.6664848139,12974.571864531,23797.768325221,11874.2487916734,11923.5195335476,6282.78678043832,3010.80035120321,3271.98642923511,14073.1900674276,6692.46703207713,7380.72303535048,12767.089190272,6069.67803530786,6697.41115496416,3898.35565292257,2206.10172959058,1692.253923332,228937,858.572512381618,975.697078705322,1756.35703386724,1834.44007808304,1873.31111319484,3707.92167827399,5230.02957949382,7337.76031233218,5620.27431357673,6674.22492349396,3161.34036876337,60214,70553.9358600583,7580.1749271137,50145.7725947522,87463.556851312,73177.8425655977,91253.6443148688,7580.1749271137,46647.2303206997,100000,93294.4606413994,95335.27696793,563626,251470069067,364993,64.76,503865599,0.2,1876.2,138136,24.51,169577798,0.07,2109.8,226857,40.25,334287801,0.13,1757.6,198633,35.24,250966203468,99.8,2,35456.8625278107,1340.02778938036,4282.12188115352,2800.58988500652,1593.88292657977,758.326158672247,3927.67941625253,1721.57768666195,741.788920050123,461.849272446744,951.317438262396,652.794708083641,1536.94026988091,0,672.059738643435,3276.58957812993,3672.11940909207,555.787607300253,2263.04438628944,1509.1508895159,2739.21456640895
