"","Total.Seats","Total.Senate","Senate.Dem","Senate.Rep","Senate.other","Total.House","House.Dem","House.Rep","Legislative.Control","Governing.Party","State.Control","perCapitaFFL","pc.18to24","pc.18to24.HS","pc.18to24.BA","pc.25to34","pc.25to34.HS","pc.25to34.BA","pc.35to44","pc.35to44.HS","pc.35to44.BA","pc.45to64","pc.45to64.HS","pc.45to64.BA","pc.65plus","pc.65plus.HS","pc.65plus.BA","perCapita.LessThan5000","perCapita.5000to9999","perCapita.10000to14999","perCapita.15000to19999","perCapita.20000to24999","perCapita.25000to34999","perCapita.35000to49999","perCapita.50000to74999","perCapita.75000to99999","perCapita.100000to149999","perCapita.150000.or.more","workforcePC","agriculturePC","constructionPC","manufacturingPC","wholesalePC","retailPC","transportationPC","informationPC","financePC","pro.scientificPC","educationPC","artsPC","otherPC","publicAdminPC","POPESTIMATE2016","NPOPCHG_2016","BIRTHS2016","DEATHS2016","NATURALINC2016","INTERNATIONALMIG2016","DOMESTICMIG2016","NETMIG2016","RESIDUAL2016","atf.Region","POP_ST","AREA_ST","POP_URBAN","POPPCT_URBAN","AREA_URBAN","AREAPCT_URBAN","POPDEN_URBAN","POP_UA","POPPCT_UA","AREA_UA","AREAPCT_UA","POPDEN_UA","POP_UC","POPPCT_UC","AREA_UC","AREAPCT_UC","POPDEN_UC","POP_RURAL","POPPCT_RURAL","AREA_RURAL","AREAPCT_RURAL","POPDEN_RURAL"
"1",140,35,11,23,"1",105,37,66,"Rep","Rep","Rep",25.2931822699265,9648.35311992995,3082.32082614406,721.71203419948,12865.4322577322,11180.5310190312,3319.61577090469,12612.4591177152,10890.2680847776,3411.58352862404,26447.7350570421,22716.3245860266,6283.68056449744,15695.6452319023,12597.337179058,3320.02781282996,1711.77770338132,1901.97522597924,2624.72581185136,2434.52828925343,2396.48878473385,4298.46401071309,5249.45162370271,6771.03180448611,4070.22698359558,3994.14797455641,2586.68630733177,42030.7074244804,708.361875820865,2645.08253714815,6005.03721253638,1061.52300996626,4969.94669207592,2229.70307228761,694.064021014138,2295.91820967783,4041.08057994901,9472.37001364889,3527.88236203034,2184.44026679715,2195.2975715279,4863300,9425,58556,52405,6151,4738,-864,3874,-600,1,4779736,131170787086,2821804,59.04,5716365701,4.36,1278.5,2325304,48.65,4415733067,3.37,1363.9,496500,10.39,1300632634,0.99,988.7,1957932,40.96,125454421385,95.64,40.4
"2",60,20,7,13,"0",40,14,26,"Rep","Rep","Rep",81.8176181503018,11185.7114390634,4258.58976913661,649.714182692633,16100.9286859724,14955.3550248133,4563.85919109025,12424.4112515911,11681.7064723353,3635.85099273562,25495.2833705431,23862.1190740522,7799.14573361583,9625.47562792375,8454.55321813886,2899.65284414315,610.448022187611,746.103138229302,1085.24092833353,1220.89604437522,1085.24092833353,2577.44720479213,4001.82592322989,6002.73888484484,5087.06685156342,6375.79045395949,5154.89440958427,48090.2361229157,2569.30578317467,3445.12538141733,1553.59362567083,982.772339770831,5286.50185913416,3661.60640577789,937.49703473863,1714.90384419873,4114.22390129441,11262.2999041628,4652.1053694614,2271.89853993919,5638.40213417486,741894,4185,11255,4511,6744,2030,-4587,-2557,-2,9,710231,1477953211577,468893,66.02,673703920,0.05,1802.6,315756,44.46,362866427,0.02,2253.7,153137,21.56,310837493,0.02,1276,241338,33.98,1477279507657,99.95,0.4
"3",90,30,12,17,"1v",60,24,36,"Rep","Rep","Rep",26.1611805736805,9821.43917953111,2982.17912113783,723.234761971466,13417.708522031,11667.9782297639,3535.67586080954,12398.4736485827,10404.5359303505,3560.91947784876,24303.6186673688,21028.431705455,6773.65012288112,16428.2115388705,14191.9585658516,4574.00846196553,1445.09542629957,1264.45849801212,1734.11451155948,1878.62405418944,2023.13359681939,3865.63026535134,5238.47092033593,6791.94850360796,4335.2862788987,4371.41366455619,3143.08255220156,43087.3779714605,631.823825662095,2842.73050568641,3044.8261219365,1012.35558443521,5399.27378763532,2164.07177636003,805.566210223152,3552.16268565096,5242.26758380742,9337.98210944817,4832.28249382294,2029.85963463495,2192.17565215733,6931071,113506,87204,56564,30640,14861,61544,76405,6461,9,6392017,294207314414,5740659,89.81,5663221936,1.92,2625.4,5117783,80.07,4696616836,1.6,2822.2,622876,9.74,966605100,0.33,1669,651358,10.19,288544092478,98.08,5.8
"4",135,35,13,22,"0",100,48,51,"Rep","Dem","Divided",42.5304950146931,9551.88184238779,3027.44964241015,687.542333352251,12941.9081465741,11471.8557296146,3124.16361721012,12341.0725781293,10843.5842870686,3095.65314338888,25414.7870966095,21854.3024118383,5339.88749612556,16055.6615789967,12842.7427411628,2993.76765743641,1576.00737847033,1921.96021764674,2729.18350905837,2498.54828294076,2652.3051003525,4843.33974846979,5765.88065294022,6803.73917046946,3997.67725270522,3574.84600482294,2114.15623941141,42683.8732469333,1386.93884486575,2739.79272986276,5944.88713848534,1024.39576433088,5870.13529546287,2364.75742758289,695.736156217248,1932.4661089718,3070.90376858764,10409.9497188075,3279.81267040381,2008.22538923177,1955.87223412304,2988248,10395,37936,30581,7355,3335,195,3530,-490,5,2915918,134771261408,1637589,56.16,2841198188,2.11,1492.8,1152837,39.54,1881196989,1.4,1587.2,484752,16.62,960001199,0.71,1307.8,1278329,43.84,131930063220,97.89,25.1
"5",120,40,28,11,"1v",80,55,25,"Dem","Dem","Dem",6.49235387592316,10112.1789693475,2991.4930371232,978.377665862952,14957.996037333,13023.0210130087,5090.94490066918,13310.7093050869,10824.3998939322,4619.11004633028,25318.3520311105,20567.0752942637,7863.87833596708,13308.6269302358,10572.901840645,4008.1125426156,959.108910256312,859.890747126348,1587.49061007941,1422.12700486281,1554.41788903609,2844.25400972561,3869.50836206857,5423.92625110466,4034.87196728517,5060.12631962813,5423.92625110466,46277.5754386451,1145.3420711013,2852.33038774743,4400.35297792426,1355.83118812821,4992.69117201288,2307.30980249752,1342.54707269899,2793.69050678131,6129.62937317952,9618.96899877263,4877.99129813504,2448.59585874113,2012.29473092486,39250017,256077,502848,273850,228998,142553,-109023,33530,-6451,9,37253956,403466310059,35373606,94.95,21287926350,5.28,4303.7,33427689,89.73,18915178185,4.69,4577.1,1945917,5.22,2372748165,0.59,2124.1,1880350,5.05,382178383709,94.72,12.7
"6",100,35,18,17,"0",65,37,28,"Dem","Dem","Dem",31.1371294099528,9689.23724572242,2894.75572596557,1078.28870806683,15180.1151772522,13981.9105754843,5963.25552381167,13544.0175201268,12178.730840573,5856.00292467047,25604.7227848824,23597.0400191308,9887.24345587548,13059.1968644949,11686.8260810278,4735.48488213685,1028.073147594,989.996364349779,1408.84098003622,1446.91776328045,1751.53202923422,3274.60335900312,5026.13538823734,6968.05133369268,5102.28895472579,6130.36210231979,4988.05860499312,50747.0517923242,1316.46876139582,4018.85252565739,3502.68562783972,1308.7973742567,5730.52619292364,2316.09822238544,1496.34260194732,3489.87551247344,6992.06562009125,10483.4093406296,5311.05914878068,2539.26584825079,2241.60501569239,5540545,91726,67453,37121,30332,10557,50216,60773,621,5,5029196,268431246426,4332761,86.15,3956737225,1.47,2836.1,3865471,76.86,3258048896,1.21,3072.9,467290,9.29,698688329,0.26,1732.2,696435,13.85,264474509201,98.53,6.8
"7",187,36,21,14,"1v",151,98,53,"Dem","Dem","Dem",15.08245229257,9842.94493588081,2721.68336248476,1450.65318726933,12351.7252345365,11390.0907460255,5403.58688102033,12065.1764568043,11088.4780722676,5043.64345431874,28848.8951748109,26502.8607454397,11062.3394230528,15769.1932167834,13295.2272556092,4937.16402630045,1087.03827066474,1012.07011406717,1461.87905365258,1499.36313195136,1499.36313195136,2698.85363751245,4235.70084776259,5959.96844950666,4685.509787348,6372.29331079328,6972.03856357383,50410.9932965663,199.429245717251,3019.11162067994,5244.38381691229,1296.16456469525,5496.73197144555,2044.67282054715,1173.36591598251,4681.69150814706,5808.41513865758,13256.6469441213,4072.6637710511,2189.9836249871,1927.73235362217,3576452,-8278,35848,30638,5210,17058,-29880,-12822,-666,6,3574097,12541641427,3144942,87.99,4730500209,37.72,1721.9,3031980,84.83,4500564038,35.88,1744.8,112962,3.16,229936171,1.83,1272.4,429155,12.01,7811141218,62.28,142.3
"8",62,21,13,8,"0",41,27,14,"Dem","Dem","Dem",12.542911110761,9437.58765184159,2895.95329189599,1036.46316610103,13171.3972180206,11589.8508170952,4329.73616530872,11728.6108321788,10436.3419894161,4140.76832797359,27194.5267118325,24725.9754511289,8454.0863235587,17035.0692105297,14713.328164258,4464.47108071808,1232.48922756219,784.311326630483,1232.48922756219,1568.62265326097,1904.75607895974,3436.03057380974,4929.95691024875,7021.45378126337,5564.87560323533,5378.13481118046,4295.03821726217,47402.5396260471,540.846287798864,3056.74543151187,3841.21617327419,779.810100034319,5807.68921146179,1897.62264902402,715.93812362564,4632.9956486554,4800.88467453891,11839.3010732187,4805.96901096946,2154.06386773946,2529.45737419445,952065,7989,10922,8945,1977,2556,3027,5583,429,8,897934,5046703785,747949,83.3,1053792304,20.88,1838.3,616982,68.71,740579379,14.67,2157.7,130967,14.59,313212925,6.21,1083,149985,16.7,3992911481,79.12,97.3
"9",160,40,14,26,"0",120,45,74,"Rep","Rep","Rep",15.5072219578996,8762.70454890547,2602.66356280891,769.343846064251,12809.404870774,11489.3548078298,3724.05138396735,12168.3500359646,10786.7635298426,3734.41942010719,26635.4453271572,23596.0794893967,7536.81146780866,19487.5265955686,16430.0129899292,5218.87126811208,1400.85056424542,1327.12158717987,1916.95340370426,2101.27584636813,2285.598289032,4165.68720420349,5455.94430285058,6819.93037856323,4202.55169273626,4091.95822713794,3170.34601381858,44407.3064474366,503.440024492077,3168.32662267669,2279.73801222371,1243.87784507259,5809.38995344707,2283.76865419137,857.217768373825,3505.30508551432,5750.48133076782,9252.39791090246,5576.25979542319,2314.7443352933,1862.35910905821,20612439,367525,222793,201485,21308,118831,207155,325986,20231,1,18801310,138887481596,17139844,91.16,19173902265,13.81,2315.2,16439936,87.44,17700464722,12.74,2405.5,699908,3.72,1473437543,1.06,1230.3,1661466,8.84,119713579331,86.19,35.9
"10",236,56,18,38,"0",180,60,119,"Rep","Rep","Rep",19.256500727924,10085.6834883784,3213.47397169911,810.567447216002,13562.2514191524,11858.1312348043,4172.19722183603,13610.5385827673,11824.0998145185,4533.21852917202,25585.3041522647,22489.474378782,7713.85722961296,12772.9009104263,10282.9108149324,3190.83538067639,1469.81897362962,1398.1204871111,1971.70837925925,1792.46216296295,2079.25610903702,3692.47205570368,5018.89405629626,6524.56227318514,4122.66297481479,4445.30616414812,3333.97962311109,45155.9297911504,508.745712246938,2954.88027822819,4929.4674058214,1309.69494474086,5396.34790210167,2723.01365237439,1152.90137712049,2698.04159029778,5332.06959861749,9453.2049832745,4148.49974478886,2308.99902131479,2240.06358022307,10310371,110973,130862,81525,49337,23831,36781,60612,1024,1,9687653,148959236603,7272151,75.07,12423724190,8.34,1516,6334271,65.38,10239668028,6.87,1602.2,937880,9.68,2184056162,1.47,1112.2,2415502,24.93,136535512413,91.66,45.8
"11",76,25,24,1,"0",51,44,7,"Dem","Dem","Dem",7.30340709774502,9436.36385324564,3621.42556925307,764.898183147541,15184.0113054211,14473.5632635562,4773.01799029861,12474.2045964059,11515.0120302535,4310.40229251935,24880.6271870397,22969.8201671816,7825.80445522844,16640.4824170249,13906.1871779741,4786.20951937225,907.418901917473,750.967367104116,1001.28982280549,1063.87043673083,1063.87043673083,2127.74087346166,3410.64345893119,5569.67463935552,4537.09450958736,5882.57770898224,4975.15880706476,47378.2186804682,676.69737439454,3756.91941308922,1406.65203903851,1227.37354551113,5440.52339496631,2719.77052352828,790.930402755626,3237.04686571374,4708.6742022107,9294.62508341186,7556.00961858939,2277.22279019084,4285.77342706804,1428557,3400,18507,12237,6270,7438,-10021,-2583,-287,9,1360301,16634529975,1250489,91.93,1018212915,6.12,3180.8,972075,71.46,585035739,3.52,4303.4,278414,20.47,433177176,2.6,1664.7,109812,8.07,15616317060,93.88,18.2
"12",105,35,7,28,"0",70,13,57,"Rep","Rep","Rep",56.7490919749199,9484.77397527147,3266.28058091949,495.756364243587,13117.5173702285,11848.9038181831,3293.6881514592,12373.035790778,11114.4656310275,3673.46148540562,24285.8301045239,22116.6388759145,6185.70111348549,14718.0468869114,12968.8630637913,3600.9796542653,1301.23376419083,1301.23376419083,1987.99602862488,2096.43217564078,2168.72294031805,4373.59126297473,5385.66196845649,6831.47726200185,4337.4458806361,4229.0097336202,2096.43217564078,45027.5527762114,2350.45630882342,2975.92973981564,4271.52734585813,1247.92174382331,5360.81189331255,2204.88762291055,804.378919040578,2249.47786460539,4474.69428155864,10523.478547072,4279.5741601667,2139.36356354079,2145.05078568369,1683140,30312,22792,12496,10296,1726,17143,18869,1147,9,1567582,214044680857,1106370,70.58,1292606730,0.6,2216.8,791843,50.51,886257981,0.41,2314.1,314527,20.06,406348749,0.19,2004.7,461212,29.42,212752074127,99.4,5.6
"13",177,59,40,19,"0",118,71,47,"Dem","Dem","Dem",15.8620251309888,9641.46326436845,2782.51960601126,1208.6099536827,13811.0873805509,12625.9682669594,5523.3538750968,13027.4856069925,11589.9723710023,4869.22432794272,26387.4413731798,23626.5277321596,8369.60095246945,14239.5693387523,11899.7850852949,3463.30222173032,1307.01527146057,1232.32868451996,1605.76161922298,1792.47808657449,1867.1646735151,3398.23970579748,4705.25497725805,6535.07635730284,4742.59827072835,5489.46414013439,4667.91168378775,48263.1148557989,538.840616441392,2574.64592192863,5930.06630476546,1517.56590656612,5307.62914101023,2932.00889442963,919.086907307061,3530.11403416469,5650.10783121208,10941.5519703293,4429.83034488463,2231.11575181554,1760.55123094417,12801539,-37508,155238,108040,47198,30934,-114144,-83210,-1496,3,12830632,143793362385,11353553,88.49,10218955838,7.11,2877.6,10260671,79.97,8610185823,5.99,3086.5,1092882,8.52,1608770015,1.12,1759.5,1477079,11.51,133574406547,92.89,28.6
"14",150,50,13,37,"0",100,31,69,"Rep","Rep","Rep",22.1127435586599,10228.2886682249,3196.95171522727,959.114246863038,12733.2759897217,11280.7223843329,3741.57992538072,12439.5412027157,11178.6017595052,3556.36247937324,26216.3892639209,23569.1922051401,6410.26571626284,14597.8809478875,12183.6725558798,2746.62592124811,1255.14336810243,1293.17801562069,1901.73237591278,2129.94026102231,2129.94026102231,4297.91516956288,5819.30107029311,7340.68697102333,4754.33093978195,4526.12305467242,2624.39067875964,47180.9384511902,697.862075306438,2793.52005090758,8979.94606797033,1272.25089402804,5443.98351794589,2387.06393449763,773.957289897362,2516.28365005396,3903.31250090734,10490.0549966368,4226.65667387696,2139.72424255622,1556.32255660565,6633053,20285,83267,60909,22358,11052,-12135,-1083,-990,4,6483802,92789193658,4697100,72.44,6540696730,7.05,1860,3836584,59.17,5187412076,5.59,1915.5,860516,13.27,1353284654,1.46,1646.9,1786702,27.56,86248496928,92.95,53.7
"15",150,50,26,24,"0",100,47,53,"Split","Rep","Divided",41.051335276958,10270.4134565152,2679.27867963999,1019.47567534498,12580.1530238498,11721.7281118464,4216.62801085331,11789.2169659356,10887.4544081881,3959.19662959317,26026.3222546338,24167.7362278055,6484.27913287553,16052.2896082219,14172.4992048359,3167.94026387597,1078.65968481072,1278.41147829418,2037.46829353135,1957.56757613797,2077.41865222804,4074.9365870627,5633.00057623374,8149.87317412541,5553.09985884035,5233.49698926681,2916.3761848586,51245.8211843253,1943.01916369554,3235.3970871849,8068.32934176426,1396.47795945992,5977.8084347935,2372.68005062144,880.974581333678,3760.41360705984,3647.69729118894,12428.0388482116,3926.97366461275,2075.01800930622,1532.99314509271,3134693,12696,39349,28739,10610,6336,-3392,2944,-858,5,3046355,144669296857,1950256,64.02,2468980575,1.71,2045.8,1268964,41.66,1507132351,1.04,2180.7,681292,22.36,961848224,0.66,1834.5,1096099,35.98,142200316282,98.29,20
"16",165,40,8,32,"0",125,33,92,"Rep","Rep","Rep",38.5009310506569,10421.6400542054,3090.35507707826,929.982616150638,13227.9293403116,11905.3393841377,4709.94636224116,11945.7629404404,10773.4798076596,4199.37104386696,25138.2227602856,23044.5233649876,7928.03987723624,14657.4783063115,12924.3570332344,3772.22306509638,1223.73712509732,1261.97891025661,1797.36390248669,1835.60568764598,2026.81461344243,3824.17851592912,5583.30063325651,7418.90632090249,4818.46493007069,5315.60813714147,3174.06816822117,48751.4625586701,1663.97118952937,3199.7567017956,5939.44172832549,1388.36854311095,5446.3087444581,2238.0888981089,1029.1665419557,3017.86789994637,4573.67597371746,11912.7016318388,4007.57417034521,2240.97875234672,2093.56178319144,2907289,568,38702,25128,13574,5851,-18595,-12744,-262,5,2853118,211754095913,2116961,74.2,2519183616,1.19,2176.5,1431424,50.17,1623806507,0.77,2283.1,685537,24.03,895377109,0.42,1983,736157,25.8,209234912297,98.81,9.1
"17",138,38,14,23,"1",100,54,46,"Split","Dem","Divided",31.8366376123307,9621.61419388055,3351.00645005855,721.441952750196,12690.4263448244,11485.5746640778,3486.00136825588,12734.9500328955,11304.1123841169,3469.16372987365,26887.9682304275,23109.7603834552,5944.83899262557,15235.8704527923,11615.8008014716,2834.12485300968,1435.1140925157,2133.27770509091,2559.93324610909,2443.57264401323,2327.21204191736,4421.70287964298,5662.88263533224,7020.42299311736,4305.34227754711,3995.0473386248,2404.78577664794,43596.3071103878,1108.30082011729,2535.47713007991,6223.16854521222,1030.98328870041,5330.79631181137,2562.1461412088,686.930444280864,2335.21093718747,3430.99088258832,10326.6479245294,4013.91218346652,2080.13766633948,1931.60483486571,4436974,12363,55198,44883,10315,6734,-3429,3305,-1257,4,4339367,102269141641,2533343,58.38,3653655859,3.57,1795.8,1778528,40.99,2207361288,2.16,2086.8,754815,17.39,1446294571,1.41,1351.7,1806024,41.62,98615485782,96.43,47.4
"18",144,39,13,26,"0",105,44,59,"Rep","Rep","Rep",26.0359595636824,9836.96583393304,3221.98091223741,730.419622357013,14362.9416401083,12495.5022103423,3800.9963674994,12381.172680854,10688.6330146328,3126.99187827696,25551.1934135225,21871.6802028717,5641.89883828519,13999.0062026661,11027.0167232103,2809.51218258456,1749.46189301258,2084.46523422775,2419.46857544293,2456.69116891128,2345.02338850622,3945.59490764539,4801.7145574175,6067.28273534149,4057.26268805044,4317.82084232891,2940.58488399986,43645.9511325863,1829.63657859566,3452.24632466331,3416.26400740208,1094.35505979918,5008.07460333779,2226.79140536651,700.412939926665,2263.11641136356,3997.37843117097,10313.6887015524,4662.51584935403,2314.39121346081,2367.07960659333,4681666,12706,63570,45030,18540,7223,-12243,-5020,-814,5,4533372,111897594452,3317805,73.19,5097451640,4.56,1685.8,2780406,61.33,4010132099,3.58,1795.8,537399,11.85,1087319541,0.97,1280.1,1215567,26.81,106800142812,95.44,29.5
"19",186,35,19,15,"1",151,89,58,"Dem","Rep","Divided",38.866553659502,8441.74258134737,2621.30364894434,808.979332101248,11430.5658041315,10637.7585367817,3726.87112669647,11483.8207894525,10943.7490456601,3875.57890350392,30541.5836437994,28307.5821409256,8449.56534755271,18847.4507936723,16426.9816232691,5727.84445933779,1066.29388176942,1640.45212579911,2501.68949184364,2583.71209813359,2173.59906668382,4347.19813336763,5536.52592457199,8038.21541641562,5372.48071199207,4798.32246796239,2952.81382643839,48772.9915988004,1311.44162298329,3526.18708596694,4560.82313553018,1026.36196992297,6386.08510417442,1864.67667529428,943.997268049341,3052.60885492003,4070.01977505034,13648.7713367829,4248.5894574686,2226.85570682078,1906.57360583639,1331479,2026,12542,13842,-1300,1785,2169,3954,-628,6,1328361,79882800680,513542,38.66,931423305,1.17,1428,348137,26.21,616415489,0.77,1462.8,165405,12.45,315007816,0.39,1360,814819,61.34,78951377375,98.83,26.7
"20",188,47,36,11,"0",141,98,43,"Dem","Dem","Dem",9.81060748976929,9277.47418132795,2661.77568810454,1293.01450896525,13913.8509650486,12601.2200535014,5625.75406802655,12839.5526726264,11648.3899954345,5660.53314913487,27550.353353796,25130.68010368,10657.1444823113,14128.2302218372,11951.3266342874,4605.6677725358,908.231933268201,908.231933268201,1126.20759725257,1162.5368745833,1235.19542924475,2615.70796781242,3814.57411972644,6212.3064235545,4868.12316231756,6539.26991953105,6938.89197016906,50566.7155353068,232.794655130799,3413.65438400743,2322.5920740726,1020.97036805609,5005.00168223997,2306.24507192097,1094.33171036515,2993.21949703611,7848.76287388972,11720.3501661306,4483.21538192852,2703.22701498903,5422.35065553981,6016447,21464,73321,50036,23285,26408,-26232,176,-1997,8,5773552,25141638381,5034331,87.2,5191942757,20.65,2511.4,4822869,83.53,4767985793,18.96,2619.8,211462,3.66,423956964,1.69,1291.8,739221,12.8,19949695624,79.35,96
"21",200,40,36,4,"0",160,131,29,"Dem","Dem","Dem",7.19342186527191,10326.6393877575,2838.53460372864,1787.05352404986,13881.8202186243,12987.8512552622,7063.38513967666,12361.0455998019,11357.8971262809,5711.78201242881,27741.3387498084,25266.9569472778,11051.0683584307,15391.9377852199,12992.6122896596,4941.74734384397,1094.27996356261,1169.74754725658,1848.95580050234,1547.08546572645,1433.88409018549,2867.76818037098,3848.84676839263,5924.20531997689,4565.78881348537,6490.21219768169,6905.28390799854,51917.429218306,200.214025447213,2810.60221926111,4675.79271959718,1181.22295201821,5521.1637559992,1913.87686756365,1251.79828543802,3832.23470867776,7016.09907668361,14604.3329835029,4718.53884886148,2296.98536608375,1894.56740917185,6811779,27539,72024,57563,14461,40898,-25606,15292,-2214,6,6547629,20202057805,6021989,91.97,7735338848,38.29,2016.3,5912700,90.3,7498364724,37.12,2042.3,109289,1.67,236974124,1.17,1194.5,525640,8.03,12466718957,61.71,109.2
"22",148,38,12,26,"0",110,51,59,"Rep","Rep","Rep",21.9498784333795,9945.88975383947,2872.7988251326,965.434074280215,12316.929857331,11233.2124889655,3890.52316990355,11851.5908150214,10814.1744343329,3814.1043577074,27836.4623302848,25505.5826871411,7445.47509179282,15836.7224708514,13604.7365749066,3709.81622278922,1439.50178040002,1556.218140973,1984.17812974057,2100.89449031354,2178.70539736219,4123.97807357844,5602.38530750279,7275.31980904876,4668.65442291899,4746.46532996764,3229.15264251897,45500.8134434192,530.192690554225,2342.88845767397,8228.46794851435,1136.46137240282,5193.15184999771,1938.47070620602,670.1140333232,2464.40838439096,4267.75724045307,10687.6331897015,4439.05677870356,2048.76828987322,1553.44250162462,9928300,10585,113437,94353,19084,22511,-27839,-5328,-3171,4,9883640,146435075220,7369957,74.57,9384151623,6.41,2034.1,6560163,66.37,7875668905,5.38,2157.4,809794,8.19,1508482718,1.03,1390.4,2513683,25.43,137050923597,93.59,47.5
"23",201,67,39,28,"0",134,73,61,"Dem","Dem","Dem",26.2547572877445,9225.11621204811,2535.29681610452,1186.88137661459,13601.8210886221,12701.8377782865,5537.64887317406,12329.1384211578,11467.5869390152,4932.29741893885,26891.8646550301,25368.1074194222,9011.52498844036,14682.4905356835,13092.1023231466,3938.90670842427,861.656617907919,1057.48766743245,1566.64839619622,1644.98081600603,1840.81186553055,3329.12784191696,5052.4410777328,7402.41367202712,5483.26938668675,6227.42737487996,4739.11139849355,53136.5351344795,1153.64796846657,3244.36131025721,7130.9554969644,1557.42840544393,5841.58316514469,2429.28552732499,904.816928974078,3878.60503590102,5209.40056744859,13258.3240840977,4487.44034356997,2367.52464917505,1673.16165171133,5519952,37517,69190,41938,27252,13644,-1762,11882,-1617,3,5303925,206232309199,3886311,73.27,4416575848,2.14,2279,3076032,58,3182448693,1.54,2503.4,810279,15.28,1234127155,0.6,1700.5,1417614,26.73,201815733351,97.86,18.2
"24",174,52,20,32,"0",122,57,65,"Rep","Rep","Rep",31.4069160795157,10436.5439102961,3014.36078932491,644.111340440692,12508.2709181472,10939.3555206915,2890.89078373849,12895.1725937399,11133.6091978631,2867.47463529349,25154.5633055573,21125.3131909854,4947.96597299115,14750.8689063655,11312.1071522953,2895.07223881795,2031.86620012779,2216.58130923031,2549.06850561486,2733.78361471738,2549.06850561486,4285.3905311786,5282.85212033224,6132.54162220386,3989.84635661456,3472.64405112749,1699.37900374324,40365.3922706639,1159.06589638689,2769.62858643402,5509.11724465526,1070.38559706161,4806.09756505508,2347.80339801766,484.848079374053,1899.25034873335,2718.88244758964,9772.42848875523,3850.21693388952,1830.6410337895,2147.02665092209,2988726,-664,37880,31006,6874,2223,-9690,-7467,-71,1,2967297,121530715928,1464224,49.35,2864191371,2.36,1324,819522,27.62,1581129734,1.3,1342.4,644702,21.73,1283061637,1.06,1301.4,1503073,50.65,118666524557,97.64,32.8
"25",197,34,9,24,"1v",163,52,108,"Rep","Dem","Divided",36.5050057442967,9774.09580060182,2940.52010103677,932.029273539861,13103.723969768,11949.0063203935,4278.93796850797,12075.6972609873,10959.4904976857,4015.73087407862,26600.6704185705,23876.1898053456,7090.21619418966,15650.3632860253,13180.1861820308,3390.98226458493,1250.3490666212,1484.78951661267,2188.1108665871,2109.96404992327,2266.25768325092,4337.14832484229,5743.79102479114,7306.72735806764,4688.8089998295,4688.8089998295,2969.57903322535,47403.0990401244,843.536523790182,3055.14758885646,5474.88201515288,1258.45017711716,5622.16146791648,2531.81097935487,940.323925924804,3154.68341747578,4641.45048454594,11376.560102327,4343.22152449128,2220.08675153105,1940.78408164045,6093000,16796,74423,58723,15700,8413,-6250,2163,-1067,5,5988927,178039716301,4218371,70.44,5320506862,2.99,2053.5,3390061,56.61,3899820503,2.19,2251.4,828310,13.83,1420686359,0.8,1510.1,1770556,29.56,172719209439,97.01,26.6
"26",150,50,21,29,"0",100,38,61,"Rep","Dem","Divided",103.810958063155,9727.31580033583,3454.213025629,581.548010654285,12465.8817738668,11699.7537964853,4103.77948071503,11494.6326471093,10944.7684417672,4193.21113913454,27140.3282519744,25586.1746213688,7624.07310335606,17337.0488327861,15791.5186231982,5024.54768218915,1286.1229777351,1607.65372216888,2250.71521103643,2210.52386798221,2652.62864157865,4461.23907901863,5787.55339980796,7917.69458168172,4742.57848039819,4622.00445123552,2692.81998463287,47465.1502364658,3317.78856728158,4416.45116188487,1958.19481761465,1119.00999251022,5425.00385147175,2180.07834717118,878.523127724492,2543.2309536244,3791.97983088406,11476.1262042511,4916.22201142749,2417.07708660143,3025.46428401867,1042520,10447,12431,9597,2834,569,6853,7422,191,9,989415,376961878670,553014,55.89,769702271,0.2,1860.8,262137,26.49,334839591,0.09,2027.6,290877,29.4,434862680,0.12,1732.4,436401,44.11,376192176399,99.8,3
"27",49,49,0,0,"49",0,0,0,"N/A","Rep","N/A",35.9530656062173,10190.1239066093,2667.70164196719,1274.33974120337,13341.2540626741,12277.1832830367,4631.09203095421,12274.2790156118,11010.7114663118,4432.49294395028,24754.6026038078,22924.7557115059,7245.30234744015,14716.2398713674,13032.1343989355,3349.7292430687,1021.67555108474,1218.15161860104,1925.46546165971,1886.17024815645,2161.23674267927,4008.11177733246,5540.62510395957,7583.97620612906,5186.96818243024,5462.03467695305,3261.50272077053,52107.2572362463,2323.30833023105,3589.30490319549,5480.14141142116,1596.81903509675,6116.91524555581,2959.18448170708,882.686077734038,3795.71910981563,4433.97148009389,12530.4882073541,4241.92019601165,2191.61300372538,1965.18575430426,1907116,13351,26553,15355,11198,4187,-2144,2043,110,5,1826341,198973681461,1335686,73.13,1357102386,0.68,2549.1,982197,53.78,944821650,0.47,2692.4,353489,19.36,412280736,0.21,2220.7,490655,26.87,197616579075,99.32,6.4
"28",63,21,11,10,"0",42,27,15,"Dem","Rep","Divided",21.1220322864379,8812.21655908714,3079.17654671439,442.512859955655,14283.7921906068,12464.4994482893,3071.54761252505,13458.896342897,11304.6587126936,3351.00934267022,25869.819866993,22076.5057262086,6011.39207936311,14637.566675151,12578.309275605,3645.10475566951,1264.74811686695,1084.06981445739,1662.24038216799,1734.51170313182,1987.46132650521,4011.05831349232,5384.21341180501,6901.91115204535,4733.77152313058,4480.82189975719,2926.98849903494,46182.6547165192,726.205180878562,2861.64789139727,2063.8694370332,934.509761221295,5607.68275285235,2392.08699204302,646.448141626308,2801.72608103731,5374.37607455272,7012.10018316378,11825.5762099316,2062.93315874633,1873.49285203543,2940058,56300,36462,23771,12691,7392,34575,41967,1642,9,2700551,284331937541,2543797,94.2,1987575459,0.7,3314.8,2336222,86.51,1565145978,0.55,3866,207575,7.69,422429481,0.15,1272.7,156754,5.8,282344362082,99.3,1.4
"29",424,24,11,13,"0",400,220,179,"Split","Dem","Divided",37.215452560131,9778.3568439025,3109.74046526944,1194.63713930642,11676.8450151905,11066.4448305442,4757.27213743815,11759.4696983936,11056.8967552332,4660.66365889764,30608.5732694489,28775.042082954,10601.5964081193,16416.4494542185,14703.1337986078,5114.68591719037,661.557945163975,895.048984633613,1323.11589032795,1517.69175655265,1712.26762277735,2918.63799337048,4630.90561614782,6926.90083759927,5681.6152937612,6771.24014461951,5876.1911599859,53628.0806639446,453.646349815918,3542.11039529784,6822.58849073498,1552.95309940298,6581.18006692674,2169.21745628748,1141.25813559921,3402.79871379156,5845.97826797914,13458.4256501901,4490.37711890211,2209.51484500166,1958.03207401488,1334795,4684,12274,11572,702,2175,2187,4362,-380,6,1316470,23187259277,793872,60.3,1668054122,7.19,1232.6,623168,47.34,1344142228,5.8,1200.8,170704,12.97,323911894,1.4,1364.9,522598,39.7,21519205155,92.81,62.9
"30",120,40,24,16,"0",80,48,32,"Dem","Rep","Divided",3.68663584165812,8872.15051199043,2413.74189307924,1351.37449035697,12892.2856572735,11864.3766197474,5629.23671979194,13081.6108160992,11838.7370891646,5666.28030173396,28007.1414654105,25397.2924163282,10423.2693680578,15029.5212726966,12358.6454404331,4223.72935757588,1070.33445877928,963.301012901351,1284.40135053513,1427.1126117057,1498.46824229099,2747.19177753348,3746.17060572748,5565.73918565225,4352.6934657024,6065.22859974925,6957.17398206531,48957.2455511609,162.331467090359,2887.08276867984,3913.49215666503,1698.9686328154,5531.79307387979,2849.88250693504,1364.2893826715,4152.78698116183,6488.84926630765,11566.6514202297,4189.40528935346,2231.85902488534,1919.85358048602,8944469,9048,102166,74762,27404,50087,-66791,-16704,-1652,8,8791894,19047341691,8324126,94.68,7561624746,39.7,2851.2,8109908,92.24,7178066812,37.69,2926.2,214218,2.44,383557934,2.01,1446.5,467768,5.32,11485716945,60.3,105.5
"31",112,42,25,17,"0",70,37,33,"Dem","Rep","Divided",33.200946012723,10005.3933802746,2988.61525682489,465.743863467684,13095.3388119566,11115.1703000681,2840.56168065805,11857.3609546187,9985.68494968101,2915.59792494261,25373.6910717925,21886.6447983203,7005.09727312232,15891.4363504217,13058.4696259436,4758.19197741895,1684.47773620314,1904.19222353398,2343.62119819567,2343.62119819567,2343.62119819567,4137.95617806423,5016.8141273876,6261.86288892905,4028.09893439881,4028.09893439881,2526.71660430471,42291.744378771,1784.14173149619,3066.34338431247,1513.94395499171,1026.56888721394,5057.51977572767,1843.98806342077,672.393968643406,1896.04716179372,4933.74121773105,10550.1151741456,4986.61749493349,2031.17008471741,2929.15347964359,2081015,687,25491,17799,7692,2637,-9748,-7111,106,5,2059179,314160748240,1594361,77.43,2141181968,0.68,1928.5,1106721,53.75,1267853668,0.4,2260.8,487640,23.68,873328300,0.28,1446.2,464818,22.57,312019566272,99.32,3.9
"32",213,63,32,29,"2v",150,100,40,"Dem","Dem","Dem",8.41339926703529,9830.01474184951,2573.64809957957,1548.42338778144,14561.9757511742,13077.7843097924,6420.01950354134,12653.8149770527,11085.3026479777,5020.30593426921,26862.9404001573,23338.1237212417,8711.12603757204,15001.8714061646,11877.4156293584,4046.74935154042,1355.36637301634,1501.89246739649,1831.57617975182,1758.31313256174,1721.68160896671,3150.31102917312,4175.99368983414,5970.93834599092,4322.51978421429,5384.83396847034,5494.72853925545,47973.105834893,264.837774582835,2709.3535315898,2923.71828427376,1192.08901846912,5074.01486075254,2609.19747388779,1422.26868510815,3771.56579751147,5593.68898338563,13165.1334775193,4724.93215867803,2397.08620718206,2125.21958195252,19745289,-1894,236507,160713,75794,118478,-191367,-72889,-4799,6,19378102,122056806947,17028105,87.87,10597911232,8.68,4161.4,16018144,82.66,9059207000,7.42,4579.5,1009961,5.21,1538704232,1.26,1700,2349997,12.13,111458895715,91.32,54.6
"33",170,50,17,33,"0",120,43,77,"Rep","Rep","Rep",23.6273455862749,9886.2940856303,3047.78605996939,936.375269975066,12935.7841498902,11391.8267185083,4149.41985131118,13082.8267657421,11458.1633065894,4336.97990251501,26268.4020007203,23222.8580516594,7676.92796127546,15102.3110084855,12254.1724687515,3677.43059271647,1340.59373687742,1493.80444966341,2336.46336998637,2298.16069178987,2259.85801359337,4404.80799259725,5630.49369488518,6817.87671897661,4366.50531440075,4289.89995800775,3025.91157752333,45350.1509588362,554.987221960809,3278.81316798712,5678.85836894304,1181.88143199339,5348.45094052068,1926.27221857173,815.281351038237,2875.70155650329,4852.70527123264,10431.4459144056,4327.54310682433,2145.02252374794,1933.18788510746,10146788,111602,120778,89721,31057,20494,59584,80078,467,1,9535483,125919791207,6301756,66.09,11937724456,9.48,1367.2,5232799,54.88,9285141220,7.37,1459.6,1068957,11.21,2652583236,2.11,1043.7,3233727,33.91,113982066751,90.52,73.5
"34",141,47,14,33,"0",94,23,71,"Rep","Rep","Rep",54.4449604548397,12366.8963512523,3249.05692786407,1614.61877423745,15075.9412553595,14295.8504826019,5370.52329768047,11434.4606155899,11059.0815699591,3687.06521236465,24314.4146346297,22967.2253529501,7076.70760469587,14184.9940872185,11803.1010722284,2813.42696889018,994.060792643046,1325.41439019073,2070.95998467301,1698.18718743187,1946.70238559263,3893.40477118527,5757.26875739098,7082.6831475817,5550.17275892368,6585.65275126018,4556.11196628063,53458.0192512238,5071.11853970813,4253.23881691518,3633.15650042612,2137.71826091552,6216.01802242232,3085.74524169733,638.844662310808,2729.7891878679,3667.11370377956,12766.4550397379,4410.07617248145,2519.5716371468,2329.17346581487,757952,1117,11824,6172,5652,1575,-6259,-4684,149,3,672591,178711239147,402872,59.9,475973352,0.27,2192.2,269056,40,290454982,0.16,2399.2,133816,19.9,185518370,0.1,1868.2,269719,40.1,178235265795,99.73,3.9
"35",132,33,10,23,"0",99,39,60,"Rep","Rep","Rep",21.2610128272386,9367.82911636187,3061.29465605178,913.047636855897,12807.8541398645,11781.2787320047,4104.93154296951,12070.6603740255,11039.242263524,3847.96671115864,27313.3771474413,24915.3690320368,7068.61385822945,15851.2687105399,13299.3626072697,3204.24916997628,1429.02450562641,1627.50013140786,2103.84163328333,2183.2318835959,2183.2318835959,4247.37839172294,5597.01264703677,7343.5981539135,4842.80526906728,4922.19551937986,3175.61001250313,47304.6051344712,513.145524937764,2372.05398665586,7341.00295646135,1288.19337032285,5549.81477954932,2393.81168090898,777.253773990551,3078.17518002876,4404.52422169927,11272.7691039018,4426.38531885578,2107.00649456402,1780.46874259484,11614373,9283,138012,115938,22074,19591,-27558,-7967,-4824,4,11536504,105828706692,8989694,77.92,11448575862,10.82,2033.7,7534686,65.31,9282948899,8.77,2102.2,1455008,12.61,2165626963,2.05,1740.1,2546810,22.08,94380130830,89.18,69.9
"36",149,48,12,36,"0",101,29,72,"Rep","Rep","Rep",39.0036839833339,10041.8844790954,3255.27318067653,762.345633198837,13716.3607439601,12188.7775393137,3477.90124107658,12268.5489687041,10770.0898855355,3266.40586331523,24734.8758027688,21744.9187621276,6047.65709494822,14742.0007196576,12449.2311283115,3331.33371585402,1350.61797905213,1575.72097556082,2138.47846683254,2175.99563291732,2288.54713117167,4089.37110324117,5552.54058054765,7090.74439002368,4351.99126583464,4201.92260149552,2701.23595810426,44874.8200216307,2250.59335918846,3275.69589503441,4281.42500385165,1188.02358797916,5285.0043532628,2353.26996320328,780.720957646157,2499.35123332209,3799.87889688679,10001.83241397,4249.81842210731,2322.81503828363,2586.39089689498,3923561,16147,53175,39588,13587,6716,-3822,2894,-334,5,3751351,177660021556,2485029,66.24,3384365635,1.9,1901.7,1717572,45.79,2169231644,1.22,2050.7,767457,20.46,1215133991,0.68,1635.8,1266322,33.76,174275655921,98.1,18.8
"37",90,30,16,14,"0",60,34,26,"Dem","Dem","Dem",35.3205251134023,9028.49799509719,2725.81308014592,876.303286211864,13748.0824343282,12515.8958553747,4718.01907949891,13103.6760112845,11640.1640496999,4826.67492248985,26437.1368924479,23833.1734016062,8067.81436523172,16393.4906876004,14746.3098507839,4791.19343522914,1196.36605465242,1427.92077490773,1891.03021541835,1968.21512217012,2045.40002892188,4090.80005784377,5248.57365912031,7255.38123466631,4862.64912536146,5055.61139224088,3589.09816395727,46743.5051236957,1627.77534553453,2676.93907073289,5295.33865688159,1324.79127294556,5594.37205967052,1920.02552281773,865.842707684724,2520.77580222202,5286.76644882491,10775.3649151699,4586.52886200335,2189.11831485795,2079.86614435002,4093465,68831,46198,35371,10827,6934,50038,56972,1032,9,3831074,248607802255,3104382,81.03,2866510400,1.15,2804.9,2393393,62.47,1933314021,0.78,3206.3,710989,18.56,933196379,0.38,1973.3,726692,18.97,245741291855,98.85,7.7
"38",253,50,23,27,"0",203,92,111,"Rep","Rep","Rep",19.9679652121321,9496.28765193985,3111.97613740691,1116.12782584985,12888.1595734302,11868.5381003485,4877.09257355277,11740.6681601113,10751.3236497084,4186.36662689151,27861.6693808834,25441.5370847061,7888.10641480737,17051.3552947239,14310.6843203326,3694.48519938861,1162.30633062912,1433.51114110925,1898.4336733609,2014.66430642381,1937.1772177152,3835.61089107611,5152.89139912244,7128.81216119195,4959.17367735092,5230.37848783105,3990.58506849332,47762.0063440126,700.755727997959,2707.74389801549,5793.58631834635,1362.23661465877,5483.44484136216,2583.46216481925,778.476761551681,2984.58306128626,4927.7417966864,12218.3921955637,4112.70284705076,2215.15108306004,1893.72903361376,12784227,-7677,140897,133053,7844,34678,-45565,-10887,-4634,8,12702379,115883064314,9991287,78.66,12186542023,10.52,2123.4,8977537,70.68,10468869338,9.03,2221,1013750,7.98,1717672685,1.48,1528.6,2711092,21.34,103696522291,89.48,67.7
"39",113,38,32,5,"1",75,69,6,"Dem","Dem","Dem",8.57450813718456,10831.68262431,3090.25991680616,1409.89970699323,13548.6028417773,12337.6408076112,4914.61310885585,11716.6710717151,10558.001225835,4106.35776382688,27742.2374046402,24770.0138403781,9373.75367916279,16154.8758202627,12966.6627826454,4229.03599540359,1505.47277537947,1582.67650745022,2161.70449798078,1775.68583762707,1814.28770366244,3396.96421111266,4670.82579027991,6369.30789583623,5056.84445063362,5713.07617323493,4555.02019217379,49732.0499011469,206.705715289876,2595.2840403673,5684.88083159736,1539.01972988053,5835.69453404534,1839.88927697524,786.372201017992,3218.14842076644,4632.31107789168,13620.6940651208,5530.183107918,2194.18779905779,2048.67910121854,1056426,819,10770,9849,921,4203,-3784,419,-521,6,1052567,2677566454,955043,90.73,1037649938,38.75,2383.8,952101,90.46,1026796770,38.35,2401.6,2942,0.28,10853168,0.41,702.1,97524,9.27,1639916516,61.25,154
"40",170,46,18,28,"0",124,46,78,"Rep","Rep","Rep",22.4310953503299,9949.38745624469,3359.97094079186,861.193658457059,12902.9707646878,11477.1410021259,3769.03486410367,12266.9941411701,10792.5008284244,3492.25326129548,26432.9699434138,23201.0319451078,7006.69317897195,16220.2436282824,13080.3822969277,3919.3770411826,1518.14586562077,1556.09951226129,2353.1260917122,2201.31150515012,2315.17244507168,4250.80842373817,5541.23240951583,7097.33192177712,4440.57665694077,4061.04019053557,2580.84797155532,44244.6464987372,450.209343156479,2837.7468980562,6163.39593947415,1173.01220020945,5376.93413096338,2051.42809745948,836.800594259172,2594.34742832954,4398.984725529,9617.3435095041,4531.53263215872,2287.39115565513,1925.51984398245,4961119,66285,57926,47514,10412,5760,47084,52844,3029,1,4625364,77856841944,3067809,66.33,6168413106,7.92,1288.1,2580045,55.78,5037540904,6.47,1326.5,487764,10.55,1130872202,1.45,1117.1,1557555,33.67,71688428838,92.08,56.3
"41",105,35,7,28,"0",70,17,53,"Rep","Rep","Rep",59.6411440315334,9987.07337172857,3012.2890389419,966.757934024075,13045.8702977787,11997.9858238365,4083.60229811905,11463.5530860139,10568.2471189005,3628.08143892372,25448.0900877589,23810.9891493253,6712.17212813797,15678.9860114999,13426.3257953257,3629.71329461173,1028.69408417345,1384.78049792579,2176.08363959768,1819.99722584533,2176.08363959768,4193.90665086098,5895.20840545553,7794.33594546805,5618.25230587037,4747.8188500313,2769.56099585159,50919.9586441144,3391.11268080087,3751.16998224774,5294.43921862087,1472.40007506536,5359.59688502061,2328.42494454605,766.62249000197,3541.47652633873,3326.30469776284,12357.1106363188,4861.88090017822,2242.75252092564,2226.6670862867,865454,7535,12114,7296,4818,1632,941,2573,144,3,814180,196349580075,461247,56.65,586090288,0.3,2038.3,243587,29.92,290234955,0.15,2173.7,217660,26.73,295855333,0.15,1905.4,352933,43.35,195763489787,99.7,4.7
"42",132,33,7,26,"0",99,27,71,"Rep","Rep","Rep",23.0873333920697,9598.28089405154,3489.82631838153,877.202559007839,13128.0310584171,11787.7391791669,4007.91138088896,12754.4026919559,11289.8510641911,3762.59125017286,26546.3401675437,23211.4026021917,6525.75201787521,15402.1436664071,12083.2484212416,3157.42580502728,1419.54245725889,1649.73853140898,2301.96074150091,2263.59472914256,2378.6927662176,4373.72540885172,5716.53584139392,7097.71228629446,4258.62737177668,4143.52933470163,2762.35288980109,45470.6373986817,437.191132266352,2711.10662290055,5926.84883949431,1234.77344240898,5614.41783056884,2934.50123850351,829.530484653959,2593.30625850637,4515.67052652775,10196.2591371476,4340.93357205761,2323.16450383439,1812.93380981147,6651194,56138,81443,65454,15989,9440,30519,39959,190,1,6346105,106797885992,4213245,66.39,7524311791,7.05,1450.3,3450715,54.38,5689184718,5.33,1570.9,762530,12.02,1835127073,1.72,1076.2,2132860,33.61,99273574201,92.95,55.6
"43",181,31,12,19,"0",150,55,95,"Rep","Rep","Rep",22.7174333169338,10162.2518619366,3267.97957494081,805.329592562264,14502.0647191164,12569.2284903932,4268.72916555701,13581.7864755712,11199.3526418631,4170.2189372598,23872.1880371812,19619.2848181487,6691.14894293724,11744.6204815164,9116.35767426615,2935.6675091495,1099.12195344605,1167.81707553643,1614.33536912389,1717.37805225946,1820.42073539502,3469.1036655641,4636.92074110053,6182.56098813404,4121.70732542269,4636.92074110053,3915.62195915156,46278.0461675052,1583.76856509121,3765.3102178997,4018.98836510389,1405.84424023955,5409.29831413385,2652.34624487767,834.837819046762,3033.01840757,5267.07259982532,9816.6184396375,4222.0023384194,2385.68214477777,1883.25847088254,27862596,432957,404533,192814,211719,91839,125703,217542,3696,5,25145561,676586997978,21298039,84.7,22651009601,3.35,2435.3,18947957,75.35,18698378243,2.76,2624.6,2350082,9.35,3952631358,0.58,1539.9,3847522,15.3,653935988377,96.65,15.2
"44",104,29,5,24,"0",75,14,61,"Rep","Rep","Rep",30.3294281156229,11423.5720075222,3540.48910063157,780.972048717462,14729.5287417509,13592.110296419,4615.41239443703,13450.5348702214,12278.5417931728,4505.50251585618,19773.245253846,18071.1301156411,6352.36966634477,10293.543304559,9364.10765349933,3075.03564463966,715.987122454384,684.857247565063,1089.54562112624,1089.54562112624,1307.45474535148,2832.81861492822,4233.66298494766,6475.01397697878,4669.48123339816,4794.00073295544,3237.50698848939,47292.244582416,932.244421914833,3193.90683975829,5351.17660748631,1333.16302373545,5824.05324359533,2115.07132940462,1020.4866396133,3190.12837420318,5607.74445000254,9848.98844123918,4360.28237509664,2116.40883933563,2398.58999703073,3051217,60585,51444,16447,34997,5634,19778,25412,176,9,2763885,212818329473,2503595,90.58,2369045186,1.11,2737.1,2243441,81.17,1950862546,0.92,2978.4,260154,9.41,418182640,0.2,1611.2,260290,9.42,210449284287,98.89,3.2
"45",180,30,21,7,"2",150,93,47,"Dem","Dem","Dem",49.6856091050079,10737.7876592428,2829.47445087592,1558.56684683303,11297.6131150893,10343.9133157,4395.2287857298,11156.7383498805,10532.0657798904,4293.96506561378,30025.4916241806,28039.8282669529,10771.1695480508,17582.8318063914,15321.967518943,6426.09345651091,773.443190094683,1221.22608962318,2157.49942500096,2198.20696132173,2279.62203396328,3745.0933415111,5332.68725802124,7856.55450990915,5780.47015754974,5739.76262122896,3622.97073254878,52363.4057832126,1274.26176511928,3690.37579381812,5748.39319712245,1129.23422905406,5998.19833633611,1779.30259005124,1211.81048031587,2488.30835281941,4502.56194017454,14805.4267131777,4974.06115434252,2241.69765272613,2519.77357815515,624594,-1494,6035,5547,488,955,-2865,-1910,-72,6,625741,23871030489,243385,38.9,404380140,1.69,1558.8,108740,17.38,159947183,0.67,1760.8,134645,21.52,244432957,1.02,1426.7,382356,61.1,23466650349,98.31,42.2
"46",140,40,19,20,"1v",100,33,67,"Rep","Dem","Divided",20.3880069540341,9893.66468493247,3020.21359323781,1180.12516631139,14016.0478761679,12940.7318979773,5550.82367234425,13096.9896100274,11938.1250532561,5551.03878812374,26640.4998239038,23960.0735552555,9839.75428041561,14190.9967592808,11579.407540071,4179.65179208773,1039.6433284769,1076.77344735107,1410.94451721864,1448.07463609282,1559.46499271534,3081.79986655651,4455.61426490098,6460.64068410642,4752.65521589438,5940.81901986797,5866.55878211962,48778.6980882302,496.726236607997,3157.55306756894,3501.22442706601,957.348874890694,5269.50003627091,2032.44973730181,991.444725940704,3134.76274581908,7174.5773303582,10679.8531046047,4456.3743406552,2662.2967887875,4264.58667235847,8411808,44221,102366,66558,35808,32545,-25343,7202,1211,1,8001024,102278849309,6037094,75.45,6902790588,6.75,2265.2,5584039,69.79,5907724619,5.78,2448.1,453055,5.66,995065969,0.97,1179.2,1963930,24.55,95376058721,93.25,53.3
"47",147,49,25,24,"0",98,55,43,"Dem","Dem","Dem",16.4962952799122,9344.13270970869,2932.78624189802,972.348885310511,14669.2941207689,13384.499789813,5217.83335591156,12943.1768825006,11694.3168502952,4820.41928469378,26193.8413108966,23955.6498409981,8686.29622543221,14477.4303834063,12989.3202649613,4611.00039244221,1028.88948631969,1143.21054035521,1448.06668444993,1448.06668444993,1600.49475649729,3315.31056703011,4877.69830551556,6935.47727815493,5258.76848563396,6020.90884587077,5068.23339557476,47455.8153370883,1264.64151591625,3072.99006045845,4888.74053983847,1361.88618058766,5565.57066822712,2580.04913208823,1043.35159609457,2573.63877720036,5911.52034344978,10128.8914275818,4405.85507011587,2237.32558318169,2421.35444234801,7288000,127710,89982,55979,34003,24410,67571,91981,1726,9,6724540,172119001610,5651869,84.05,6150546552,3.57,2380,5041475,74.97,5088055314,2.96,2566.3,610394,9.08,1062491238,0.62,1487.9,1072671,15.95,165968455058,96.43,16.7
"48",134,34,24,10,"0",100,53,47,"Dem","Dem","Dem",48.8594664123936,8926.08740758685,3323.85868304715,711.712264665928,11834.2057507307,10729.294593909,3099.09600647021,12516.9671921449,11451.8158901455,2688.5700737567,28009.4054869686,24464.5319825122,5181.59987789596,18270.0335079979,14093.0760820031,2849.67352922485,1595.90408315241,2274.16331849219,2633.24173720148,2872.62734967434,2673.13933928029,4707.91704529962,6224.02592429441,6902.28515963419,4308.94102451152,3790.27219748698,1915.0848997829,40109.546004379,1675.12830972275,2533.06124266928,2986.11718402458,899.21365653243,4893.93841459208,2120.30832355179,587.978727391335,1588.9276408664,3210.01079273655,11487.6106228338,3762.62932137206,1666.11173062372,2698.51003746226,1831102,-9951,19799,22479,-2680,1076,-7659,-6583,-688,4,1852994,62258675601,902810,48.72,1658489502,2.66,1409.9,615254,33.2,1097015856,1.76,1452.6,287556,15.52,561473646,0.9,1326.4,950184,51.28,60600186099,97.34,40.6
"49",132,33,15,18,"0",99,39,60,"Rep","Rep","Rep",27.2191754050675,9714.13988232441,3053.88919450801,1081.31377656062,12577.4914955917,11735.086533362,4222.94734765272,12078.8516981337,11084.5194543378,4049.34836667336,27671.8648115923,25673.0753060347,7569.43915895775,15616.8519828131,13634.9317280788,3445.34943534821,1005.36660626909,1166.22526327214,1890.08921978588,1930.30388403664,2211.80653379199,4142.11041782863,5630.05299510688,8002.71818590192,5630.05299510688,5469.19433810382,3176.95847581031,51312.6028213779,1221.79840083663,2894.61087250088,9463.02556688398,1341.04475968773,5825.97694720653,2247.40724122561,787.93097858472,3092.63819305878,4206.66756705354,11860.1235702963,4543.46311329392,2095.96540572629,1731.95020502295,5778708,10817,66079,49823,16256,7990,-12395,-4405,-1034,3,5686986,140268064888,3989638,70.15,4866498071,3.47,2123.3,3173382,55.8,3601725983,2.57,2282,816256,14.35,1264772088,0.9,1671.5,1697348,29.85,135401566817,96.53,32.5
"50",90,30,4,26,"0",60,8,52,"Rep","Rep","Rep",104.725127141827,9864.37759459897,3368.31158203408,457.587097544135,14054.9479588444,12883.020347623,3747.4746613702,12298.9318989694,11641.3635549948,3466.85306578241,25849.2383493449,23797.768325221,6282.78678043832,14073.1900674276,12767.089190272,3898.35565292257,858.677191397226,975.769535678666,1756.3851642216,1834.44672707589,1873.47750850304,3707.92423557893,5230.12471123765,7337.78690830357,5620.43252550912,6674.26362404208,3161.49329559888,50349.583585512,6497.42990853373,3660.86726734918,2076.70209954736,924.380492877906,5974.54629148162,2891.97091491846,729.513856330608,1921.55893309238,3236.69562104151,11176.9569776065,5713.01923945751,2347.264962365,3198.67702091023,585501,-1054,7590,4838,2752,524,-4347,-3823,17,5,563626,251470069067,364993,64.76,503865599,0.2,1876.2,138136,24.51,169577798,0.07,2109.8,226857,40.25,334287801,0.13,1757.6,198633,35.24,250966203468,99.8,2
